Assembly_Accession,Taxonomy,SNOR_presence,SNOR_copies
GCA_002120315.1,Fungi;Ascomycota;Sordariomycetes;Xylariales;Hypoxylaceae;Hypoxylon;Hypoxylon sp. CI-4A,TRUE,1
GCA_002120335.1,Fungi;Ascomycota;Sordariomycetes;Xylariales;Hypoxylaceae;Hypoxylon;Hypoxylon sp. EC38,TRUE,1
GCA_030247855.1,Fungi;Ascomycota;Eurotiomycetes;Chaetothyriales;Trichomeriaceae;Knufia;Knufia peltigerae,TRUE,1
GCF_001417885.1,Fungi;Ascomycota;Saccharomycetes;Saccharomycetales;Saccharomycetaceae;Kluyveromyces;Kluyveromyces marxianus,TRUE,1
GCF_025201355.1,Fungi;Mucoromycota;Mucoromycetes;Mucorales;Cunninghamellaceae;Halteromyces;Halteromyces radiatus,TRUE,1
GCA_025094145.1,Fungi;Mucoromycota;Mucoromycetes;Mucorales;Phycomycetaceae;Spinellus;Spinellus fusiger,TRUE,1
GCA_025677835.1,Fungi;Mucoromycota;Mucoromycetes;Mucorales;Rhizopodaceae;Sporodiniella;Sporodiniella umbellata,FALSE,0
GCA_025528865.1,Fungi;Mucoromycota;Mucoromycetes;Mucorales;Pilobolaceae;Pilobolus;Pilobolus umbonatus,TRUE,1
GCA_025201345.1,Fungi;Mucoromycota;Mucoromycetes;Mucorales;Mucoraceae;Thamnidium;Thamnidium elegans,TRUE,1
GCF_020647865.1,Fungi;Ascomycota;Sordariomycetes;Hypocreales;Hypocreaceae;Trichoderma;Trichoderma asperellum,TRUE,1
GCA_029282495.1,Fungi;Basidiomycota;Agaricomycetes;Agaricales;Mycenaceae;Mycena;Mycena albidolilacea,FALSE,0
GCA_029289555.1,Fungi;Basidiomycota;Agaricomycetes;Agaricales;Mycenaceae;Mycena;Mycena latifolia,TRUE,1
GCA_029378255.1,Fungi;Basidiomycota;Agaricomycetes;Agaricales;Mycenaceae;Mycena;Mycena rosella,TRUE,1
GCA_029204335.1,Fungi;Basidiomycota;Agaricomycetes;Agaricales;Mycenaceae;Mycena;Mycena vulgaris,TRUE,1
GCA_000447185.1,Fungi;Microsporidia;NA;NA;Nosematidae;Vairimorpha;Vairimorpha apis,FALSE,0
GCF_000721785.1,Fungi;Ascomycota;Dothideomycetes;Dothideales;Saccotheciaceae;Aureobasidium;Aureobasidium pullulans,TRUE,1
GCF_000721755.1,Fungi;Ascomycota;Dothideomycetes;Dothideales;Saccotheciaceae;Aureobasidium;Aureobasidium subglaciale,TRUE,1
GCA_040822045.1,Fungi;Basidiomycota;Agaricomycetes;Agaricales;Pleurotaceae;Hohenbuehelia;Hohenbuehelia grisea,TRUE,1
GCA_010094025.1,Fungi;Ascomycota;Dothideomycetes;Trypetheliales;Trypetheliaceae;Viridothelium;Viridothelium virens,TRUE,1
GCA_010583015.1,Fungi;Ascomycota;Dothideomycetes;Venturiales;Cylindrosympodiaceae;Tothia;Tothia fuscella,TRUE,1
GCF_003724135.2,Fungi;Ascomycota;Sordariomycetes;Glomerellales;Plectosphaerellaceae;Verticillium;Verticillium nonalfalfae,TRUE,1
GCA_000827465.1,Fungi;Basidiomycota;Agaricomycetes;Cantharellales;Tulasnellaceae;Tulasnella;Tulasnella calospora,TRUE,1
GCA_027478445.1,Fungi;Zoopagomycota;Kickxellomycetes;Kickxellales;Kickxellaceae;Coemansia;Coemansia asiatica,TRUE,1
GCA_013266195.1,Fungi;Ascomycota;Sordariomycetes;Hypocreales;Nectriaceae;Fusarium;Fusarium zealandicum,TRUE,1
GCA_003850985.1,Fungi;Ascomycota;Eurotiomycetes;Eurotiales;Aspergillaceae;Aspergillus;Aspergillus awamori,TRUE,2
GCA_000739165.1,Fungi;Mucoromycota;Mortierellomycetes;Mortierellales;Mortierellaceae;Podila;Podila verticillata,TRUE,1
GCF_000349005.2,Fungi;Ascomycota;Pneumocystomycetes;Pneumocystales;Pneumocystaceae;Pneumocystis;Pneumocystis murina,FALSE,0
GCF_023601865.1,Fungi;Ascomycota;Eurotiomycetes;Eurotiales;Aspergillaceae;Aspergillus;Aspergillus affinis,TRUE,1
GCF_000315915.1,Fungi;Ascomycota;Saccharomycetes;Saccharomycetales;Saccharomycetaceae;Henningerozyma;Henningerozyma blattae,FALSE,0
GCF_000304475.1,Fungi;Ascomycota;Saccharomycetes;Saccharomycetales;Saccharomycetaceae;Kazachstania;Kazachstania africana,TRUE,1
GCF_000348985.1,Fungi;Ascomycota;Saccharomycetes;Saccharomycetales;Saccharomycetaceae;Huiozyma;Huiozyma naganishii,TRUE,1
GCF_001890725.1,Fungi;Ascomycota;Eurotiomycetes;Eurotiales;Aspergillaceae;Aspergillus;Aspergillus wentii,TRUE,1
GCF_001890105.1,Fungi;Ascomycota;Eurotiomycetes;Eurotiales;Aspergillaceae;Penicilliopsis;Penicilliopsis zonata,TRUE,1
GCA_002760635.1,Fungi;Basidiomycota;Agaricomycetes;Polyporales;Polyporaceae;Ganoderma;Ganoderma sinense,TRUE,1
GCA_017365405.1,Fungi;Ascomycota;Leotiomycetes;Helotiales;Ploettnerulaceae;Cadophora;Cadophora malorum,TRUE,1
GCF_001636725.1,Fungi;Ascomycota;Sordariomycetes;Hypocreales;Cordycipitaceae;Cordyceps;Cordyceps fumosorosea,TRUE,1
GCA_001636795.1,Fungi;Ascomycota;Sordariomycetes;Hypocreales;Cordycipitaceae;Akanthomyces;Akanthomyces lecanii,TRUE,1
GCA_045999785.1,Fungi;Ascomycota;Leotiomycetes;Helotiales;Dermateaceae;Phlyctema;Phlyctema vagabunda,TRUE,1
GCA_022578945.1,Fungi;Ascomycota;Sordariomycetes;Xylariales;Hypoxylaceae;Hypoxylon;Hypoxylon fuscum,TRUE,1
GCF_004353045.1,Fungi;Ascomycota;Sordariomycetes;NA;Thyridiaceae;Thyridium;Thyridium curvatum,TRUE,1
GCF_011947395.1,Fungi;Ascomycota;Sordariomycetes;Glomerellales;Glomerellaceae;Colletotrichum;Colletotrichum karsti,TRUE,1
GCF_002865645.1,Fungi;Ascomycota;Leotiomycetes;Helotiales;Hyaloscyphaceae;Hyaloscypha;Hyaloscypha bicolor,TRUE,1
GCA_015499995.1,Fungi;Basidiomycota;Agaricomycetes;Agaricales;Strophariaceae;Flammula;Flammula alnicola,TRUE,1
GCA_015484465.1,Fungi;Basidiomycota;Agaricomycetes;Agaricales;Strophariaceae;Pholiota;Pholiota conissans,TRUE,1
GCA_027600665.1,Fungi;Chytridiomycota;Chytridiomycetes;Chytridiales;Chytridiaceae;Irineochytrium;Irineochytrium annulatum,TRUE,1
GCA_027603065.1,Fungi;Chytridiomycota;Chytridiomycetes;Spizellomycetales;Powellomycetaceae;Geranomyces;Geranomyces variabilis,FALSE,0
GCA_025765595.1,Fungi;Chytridiomycota;Chytridiomycetes;Chytridiales;Chytriomycetaceae;Obelidium;Obelidium mucronatum,TRUE,1
GCA_013396095.1,Fungi;Ascomycota;Sordariomycetes;Hypocreales;Nectriaceae;Fusarium;Fusarium sp. NRRL 52700,TRUE,1
GCA_023159155.1,Fungi;Ascomycota;Sordariomycetes;Xylariales;Xylariaceae;Ustulina;Ustulina deusta,TRUE,1
GCA_032433595.1,Fungi;Ascomycota;Sordariomycetes;Hypocreales;Clavicipitaceae;Conoideocrella;Conoideocrella luteorostrata,TRUE,1
GCA_022695795.1,Fungi;Ascomycota;Sordariomycetes;Xylariales;Xylariaceae;Biscogniauxia;Biscogniauxia marginata,FALSE,0
GCA_029590615.1,Fungi;Ascomycota;Sordariomycetes;Xylariales;Xylariaceae;Nemania;Nemania bipapillata,TRUE,1
GCA_021527775.1,Fungi;Basidiomycota;Agaricomycetes;Russulales;Russulaceae;Lactarius;Lactarius sanguifluus,TRUE,1
GCA_022385755.1,Fungi;Basidiomycota;Agaricomycetes;Polyporales;Irpicaceae;Trametopsis;Trametopsis cervina,TRUE,1
GCF_020360975.1,Fungi;Ascomycota;Sordariomycetes;Hypocreales;Ophiocordycipitaceae;Hirsutella;Hirsutella rhossiliensis,TRUE,1
GCA_026025805.1,Fungi;Ascomycota;NA;Thelocarpales;Thelocarpaceae;Thelocarpon;Thelocarpon impressellum,TRUE,1
GCA_910591825.1,Fungi;Mucoromycota;Glomeromycetes;Glomerales;Glomeraceae;Funneliformis;Funneliformis caledonium,TRUE,1
GCF_014066305.1,Fungi;Ascomycota;Lecanoromycetes;Lecanorales;Parmeliaceae;Letharia;Letharia columbiana,TRUE,1
GCA_015179125.1,Fungi;Basidiomycota;Agaricomycetes;Gomphales;Gautieriaceae;Gautieria;Gautieria morchelliformis,TRUE,1
GCA_033296725.1,Fungi;Ascomycota;Sordariomycetes;Sordariales;Chaetomiaceae;Corynascus;Corynascus novoguineensis,TRUE,1
GCA_000934395.1,Fungi;Basidiomycota;Agaricomycetes;Agaricales;Fistulinaceae;Fistulina;Fistulina hepatica,TRUE,1
GCF_000320785.1,Fungi;Basidiomycota;Microbotryomycetes;Sporidiobolales;Sporidiobolaceae;Rhodotorula;Rhodotorula toruloides,TRUE,1
GCF_028827165.1,Fungi;Ascomycota;Eurotiomycetes;Eurotiales;Aspergillaceae;Penicillium;Penicillium cosmopolitanum,TRUE,2
GCA_001578225.1,Fungi;Ascomycota;Dothideomycetes;Mycosphaerellales;Mycosphaerellaceae;Pseudocercospora;Pseudocercospora musae,FALSE,0
GCA_041956725.1,Fungi;Ascomycota;Sordariomycetes;Sordariales;Chaetomiaceae;Thermocarpiscus;Thermocarpiscus australiensis,TRUE,1
GCF_002105095.1,Fungi;Ascomycota;Sordariomycetes;Xylariales;Pseudomassariaceae;Pseudomassariella;Pseudomassariella vexata,TRUE,1
GCA_022495115.1,Fungi;Ascomycota;Sordariomycetes;Xylariales;Xylariaceae;Xylaria;Xylaria castorea,TRUE,1
GCF_042370625.1,Fungi;Ascomycota;Sordariomycetes;Sordariales;Chaetomiaceae;Thermothelomyces;Thermothelomyces heterothallicus,TRUE,1
GCF_010094145.1,Fungi;Ascomycota;Dothideomycetes;Pleosporales;Didymellaceae;Didymella;Didymella exigua,TRUE,1
GCF_001890805.1,Fungi;Ascomycota;Eurotiomycetes;Eurotiales;Aspergillaceae;Aspergillus;Aspergillus glaucus,TRUE,1
GCA_001189435.1,Fungi;Ascomycota;Sordariomycetes;Hypocreales;Ophiocordycipitaceae;Tolypocladium;Tolypocladium ophioglossoides,TRUE,1
GCF_028828045.1,Fungi;Ascomycota;Eurotiomycetes;Eurotiales;Aspergillaceae;Penicillium;Penicillium odoratum,FALSE,0
GCA_010405425.1,Fungi;Ascomycota;Dothideomycetes;Pleosporales;Lentitheciaceae;Lentithecium;Lentithecium fluviatile,TRUE,1
GCF_028827245.1,Fungi;Ascomycota;Eurotiomycetes;Eurotiales;Aspergillaceae;Penicillium;Penicillium angulare,TRUE,1
GCA_018858115.1,Fungi;Basidiomycota;Agaricomycetes;Agaricales;Lyophyllaceae;Tephrocybe;Tephrocybe rancida,FALSE,0
GCA_009428295.1,Fungi;Basidiomycota;Exobasidiomycetes;Tilletiales;Tilletiaceae;Tilletia;Tilletia walkeri,TRUE,1
GCA_013365045.1,Fungi;Ascomycota;Dipodascomycetes;Dipodascales;Dipodascaceae;Geotrichum;Geotrichum candidum,TRUE,1
GCF_020137385.1,Fungi;Ascomycota;Pezizomycetes;Pezizales;Morchellaceae;Morchella;Morchella sextelata,TRUE,1
GCA_024521645.1,Fungi;Ascomycota;Pezizomycetes;Pezizales;Morchellaceae;Morchella;Morchella snyderi,TRUE,1
GCF_010093885.1,Fungi;Ascomycota;Dothideomycetes;Botryosphaeriales;Aplosporellaceae;Aplosporella;Aplosporella prunicola,TRUE,1
GCA_010015705.1,Fungi;Ascomycota;Dothideomycetes;Aulographales;Aulographaceae;Aulographum;Aulographum hederae,TRUE,1
GCA_022605425.2,Fungi;Microsporidia;NA;NA;Dubosqiidae;Hamiltosporidium;Hamiltosporidium tvaerminnensis,FALSE,0
GCF_000585515.1,Fungi;Ascomycota;Eurotiomycetes;Chaetothyriales;Herpotrichiellaceae;Cladophialophora;Cladophialophora yegresii,TRUE,1
GCF_000293215.1,Fungi;Basidiomycota;Tremellomycetes;Trichosporonales;Trichosporonaceae;Trichosporon;Trichosporon asahii,TRUE,1
GCF_024043165.1,Fungi;Ascomycota;Dothideomycetes;Pleosporales;Pleosporaceae;Alternaria;Alternaria incomplexa,TRUE,1
GCF_023758065.1,Fungi;Ascomycota;Dothideomycetes;Pleosporales;Pleosporaceae;Alternaria;Alternaria ventricosa,TRUE,1
GCA_027946515.1,Fungi;Ascomycota;Sordariomycetes;Diaporthales;Gnomoniaceae;Gnomoniopsis;Gnomoniopsis smithogilvyi,TRUE,1
GCA_016758965.1,Fungi;Mucoromycota;Mucoromycetes;Mucorales;Lichtheimiaceae;Circinella;Circinella minor,TRUE,1
GCF_907166805.1,Fungi;Ascomycota;Dothideomycetes;Pleosporales;Pleosporaceae;Alternaria;Alternaria atra,TRUE,2
GCF_900519145.1,Fungi;Basidiomycota;Ustilaginomycetes;Ustilaginales;Ustilaginaceae;Ustilago;Ustilago hordei,TRUE,1
GCA_013266185.1,Fungi;Ascomycota;Sordariomycetes;Hypocreales;Nectriaceae;Fusarium;Fusarium sarcochroum,FALSE,0
GCA_036851105.1,Fungi;Ascomycota;Sordariomycetes;Glomerellales;Glomerellaceae;Colletotrichum;Colletotrichum tabaci,TRUE,1
GCF_030867565.1,Fungi;Ascomycota;Sordariomycetes;Glomerellales;Glomerellaceae;Colletotrichum;Colletotrichum costaricense,TRUE,1
GCA_030869315.1,Fungi;Ascomycota;Sordariomycetes;Glomerellales;Glomerellaceae;Colletotrichum;Colletotrichum cuscutae,TRUE,1
GCF_001831195.1,Fungi;Ascomycota;Sordariomycetes;Glomerellales;Glomerellaceae;Colletotrichum;Colletotrichum orchidophilum,TRUE,1
GCA_001563125.1,Fungi;Ascomycota;Sordariomycetes;Glomerellales;Glomerellaceae;Colletotrichum;Colletotrichum salicis,TRUE,1
GCA_026319135.1,Fungi;Ascomycota;Sordariomycetes;Glomerellales;Glomerellaceae;Colletotrichum;Colletotrichum nupharicola,TRUE,1
GCF_038381095.1,Fungi;Ascomycota;Dothideomycetes;Botryosphaeriales;Phyllostictaceae;Phyllosticta;Phyllosticta capitalensis,TRUE,1
GCA_030867305.1,Fungi;Ascomycota;Sordariomycetes;Glomerellales;Glomerellaceae;Colletotrichum;Colletotrichum zoysiae,TRUE,1
GCF_033473495.1,Fungi;Ascomycota;Dothideomycetes;Mycosphaerellales;Mycosphaerellaceae;Cercospora;Cercospora beticola,TRUE,1
GCA_013396255.1,Fungi;Ascomycota;Sordariomycetes;Hypocreales;Nectriaceae;Fusarium;Fusarium sp. NRRL 25303,TRUE,1
GCA_009193595.1,Fungi;Ascomycota;Eurotiomycetes;Eurotiales;Aspergillaceae;Aspergillus;Aspergillus bertholletiae,TRUE,1
GCF_900067095.1,Fungi;Ascomycota;Sordariomycetes;Hypocreales;Nectriaceae;Fusarium;Fusarium proliferatum,TRUE,1
GCA_947670415.1,Fungi;Ascomycota;Pichiomycetes;Serinales;Debaryomycetaceae;Candida;Candida verbasci,TRUE,1
GCF_000516985.1,Fungi;Ascomycota;Sordariomycetes;Xylariales;Sporocadaceae;Pestalotiopsis;Pestalotiopsis fici,TRUE,1
GCA_002105025.1,Fungi;Ascomycota;Dothideomycetes;Pleosporales;Lindgomycetaceae;Clohesyomyces;Clohesyomyces aquaticus,TRUE,1
GCA_012931995.1,Fungi;Ascomycota;Sordariomycetes;Hypocreales;Nectriaceae;Fusarium;Fusarium albosuccineum,TRUE,1
GCA_029168975.1,Fungi;Ascomycota;Sordariomycetes;Hypocreales;Ophiocordycipitaceae;Purpureocillium;Purpureocillium lavendulum,FALSE,0
GCA_963921875.1,Fungi;Ascomycota;Sordariomycetes;Ophiostomatales;Ophiostomataceae;Sporothrix;Sporothrix curviconia,TRUE,1
GCF_036426115.1,Fungi;Basidiomycota;Tremellomycetes;Tremellales;Cryptococcaceae;Kwoniella;Kwoniella botswanensis,TRUE,1
GCF_028826915.1,Fungi;Ascomycota;Eurotiomycetes;Eurotiales;Aspergillaceae;Penicillium;Penicillium bovifimosum,TRUE,1
GCA_000814955.1,Fungi;Ascomycota;Sordariomycetes;Hypocreales;Clavicipitaceae;Metarhizium;Metarhizium guizhouense,TRUE,3
GCF_900079805.1,Fungi;Ascomycota;Sordariomycetes;Hypocreales;Nectriaceae;Fusarium;Fusarium fujikuroi,TRUE,1
GCA_000732775.1,Fungi;Ascomycota;Sordariomycetes;Hypocreales;Stachybotryaceae;Stachybotrys;Stachybotrys chlorohalonatus,TRUE,1
GCA_025603285.1,Fungi;Zoopagomycota;Zoopagomycetes;Zoopagales;Piptocephalidaceae;Piptocephalis;Piptocephalis tieghemiana,TRUE,1
GCA_029218145.1,Fungi;Ascomycota;Sordariomycetes;Hypocreales;NA;Aphanocladium;Aphanocladium album,FALSE,0
GCA_018360465.1,Fungi;Ascomycota;Sordariomycetes;Hypocreales;Clavicipitaceae;Claviceps;Claviceps humidiphila,TRUE,1
GCF_001720195.1,Fungi;Basidiomycota;Tremellomycetes;Tremellales;Cryptococcaceae;Cryptococcus;Cryptococcus depauperatus,TRUE,1
GCF_001720205.1,Fungi;Basidiomycota;Tremellomycetes;Tremellales;Cryptococcaceae;Cryptococcus;Cryptococcus amylolentus,TRUE,2
GCF_036810415.1,Fungi;Basidiomycota;Tremellomycetes;Tremellales;Cryptococcaceae;Kwoniella;Kwoniella dendrophila,TRUE,1
GCF_000512585.2,Fungi;Basidiomycota;Tremellomycetes;Tremellales;Cryptococcaceae;Kwoniella;Kwoniella bestiolae,TRUE,1
GCF_000836335.1,Fungi;Basidiomycota;Tremellomycetes;Tremellales;Cryptococcaceae;Cryptococcus;Cryptococcus bacillisporus,TRUE,1
GCA_000507405.3,Fungi;Basidiomycota;Tremellomycetes;Tremellales;Cryptococcaceae;Kwoniella;Kwoniella heveanensis,TRUE,1
GCF_000507465.2,Fungi;Basidiomycota;Tremellomycetes;Tremellales;Cryptococcaceae;Kwoniella;Kwoniella mangrovensis,TRUE,1
GCA_911456345.1,Fungi;Ascomycota;Eurotiomycetes;Eurotiales;Aspergillaceae;Penicillium;Penicillium egyptiacum,TRUE,1
GCF_036884685.1,Fungi;Ascomycota;Pichiomycetes;Serinales;Debaryomycetaceae;Scheffersomyces;Scheffersomyces xylosifermentans,TRUE,1
GCA_001263195.1,Fungi;Basidiomycota;Agaricomycetes;Agaricales;Lyophyllaceae;Termitomyces;Termitomyces sp. J132,TRUE,1
GCA_005350895.1,Fungi;Ascomycota;Sordariomycetes;Glomerellales;Glomerellaceae;Colletotrichum;Colletotrichum tanaceti,TRUE,1
GCA_003947045.1,Fungi;Ascomycota;Sordariomycetes;Hypocreales;Nectriaceae;Fusarium;Fusarium ambrosium,TRUE,1
GCA_010093785.1,Fungi;Ascomycota;Dothideomycetes;Capnodiales;Capnodiaceae;Polychaeton;Polychaeton citri,TRUE,1
GCA_000934385.1,Fungi;Basidiomycota;Agaricomycetes;Agaricales;Physalacriaceae;Cylindrobasidium;Cylindrobasidium torrendii,TRUE,1
GCF_003711515.1,Fungi;Ascomycota;Sordariomycetes;Glomerellales;Plectosphaerellaceae;Sodiomyces;Sodiomyces alkalinus,TRUE,1
GCA_001632355.1,Fungi;Basidiomycota;Agaricomycetes;Trechisporales;NA;Sistotremastrum;Sistotremastrum suecicum,TRUE,1
GCA_001632345.1,Fungi;Basidiomycota;Agaricomycetes;Polyporales;Fomitopsidaceae;Fomitopsis;Fomitopsis quercina,TRUE,1
GCF_001632365.1,Fungi;Basidiomycota;Agaricomycetes;Polyporales;Laetiporaceae;Laetiporus;Laetiporus sulphureus,TRUE,1
GCA_010015785.1,Fungi;Ascomycota;Dothideomycetes;Botryosphaeriales;Saccharataceae;Saccharata;Saccharata proteae,TRUE,1
GCA_010405375.1,Fungi;Ascomycota;Dothideomycetes;Pleosporales;Lophiostomataceae;Lophiostoma;Lophiostoma macrostomum,TRUE,1
GCA_002104905.1,Fungi;Zoopagomycota;Basidiobolomycetes;Basidiobolales;Basidiobolaceae;Basidiobolus;Basidiobolus meristosporus,TRUE,5
GCA_025399235.1,Fungi;Mucoromycota;Mucoromycetes;Mucorales;Backusellaceae;Backusella;Backusella circina,FALSE,0
GCA_001658105.1,Fungi;Basidiomycota;Agaricomycetes;Boletales;Rhizopogonaceae;Rhizopogon;Rhizopogon vinicolor,TRUE,1
GCA_010093715.1,Fungi;Ascomycota;Dothideomycetes;Pleosporales;Pleomassariaceae;Pleomassaria;Pleomassaria siparia,TRUE,1
GCA_004369135.1,Fungi;Basidiomycota;Agaricomycetes;Agaricales;NA;Dendrothele;Dendrothele bispora,TRUE,1
GCA_007825325.1,Fungi;Ascomycota;Leotiomycetes;Helotiales;Lachnaceae;Lachnellula;Lachnellula cervina,TRUE,1
GCF_007821495.1,Fungi;Ascomycota;Leotiomycetes;Helotiales;Lachnaceae;Lachnellula;Lachnellula hyalina,TRUE,1
GCA_014904975.1,Fungi;Basidiomycota;Agaricomycetes;Agaricales;Marasmiaceae;Marasmius;Marasmius fiardii,TRUE,1
GCF_003813185.1,Fungi;Basidiomycota;Agaricomycetes;Polyporales;Polyporaceae;Lentinus;Lentinus tigrinus,TRUE,1
GCF_001619985.1,Fungi;Ascomycota;Xylonomycetes;Xylonales;Xylonaceae;Xylona;Xylona heveae,TRUE,1
GCA_905071765.1,Fungi;Basidiomycota;Exobasidiomycetes;Tilletiales;Tilletiaceae;Tilletia;Tilletia controversa,TRUE,1
GCA_001633055.2,Fungi;Ascomycota;Sordariomycetes;Hypocreales;Ophiocordycipitaceae;Ophiocordyceps;Ophiocordyceps polyrhachis-furcata,TRUE,1
GCA_003086715.1,Fungi;Zoopagomycota;Harpellomycetes;Harpellales;Legeriomycetaceae;Smittium;Smittium megazygosporum,FALSE,0
GCA_003086735.1,Fungi;Zoopagomycota;Harpellomycetes;Harpellales;Legeriomycetaceae;Smittium;Smittium simulii,FALSE,0
GCF_038363985.1,Fungi;Ascomycota;Sordariomycetes;Xylariales;Apiosporaceae;Apiospora;Apiospora kogelbergensis,TRUE,1
GCF_002708625.1,Fungi;Mucoromycota;Mucoromycetes;Mucorales;Rhizopodaceae;Rhizopus;Rhizopus microsporus,TRUE,2
GCF_028827695.1,Fungi;Ascomycota;Eurotiomycetes;Eurotiales;Aspergillaceae;Penicillium;Penicillium maclennaniae,TRUE,1
GCA_016098155.1,Fungi;Mucoromycota;Mortierellomycetes;Mortierellales;Mortierellaceae;Actinomortierella;Actinomortierella ambigua,TRUE,1
GCA_010093705.1,Fungi;Ascomycota;Dothideomycetes;Patellariales;Patellariaceae;Patellaria;Patellaria atrata,TRUE,1
GCA_004366825.1,Fungi;Ascomycota;Sordariomycetes;Glomerellales;Glomerellaceae;Colletotrichum;Colletotrichum spinosum,TRUE,1
GCA_024195185.1,Fungi;Basidiomycota;Agaricomycetes;Hymenochaetales;Hymenochaetaceae;Coniferiporia;Coniferiporia weirii,TRUE,1
GCA_001984395.2,Fungi;Ascomycota;Saccharomycetes;Saccharomycetales;Saccharomycetaceae;Zygosaccharomyces;Zygosaccharomyces parabailii,TRUE,2
GCA_002105135.1,Fungi;Mucoromycota;Mucoromycetes;Mucorales;Syncephalastraceae;Syncephalastrum;Syncephalastrum racemosum,TRUE,2
GCA_022606235.1,Fungi;Basidiomycota;Agaricomycetes;Polyporales;Podoscyphaceae;Abortiporus;Abortiporus biennis,TRUE,2
GCA_036674765.1,Fungi;Ascomycota;Sordariomycetes;Xylariales;Sporocadaceae;Seiridium;Seiridium cupressi,TRUE,1
GCA_029542885.1,Fungi;Basidiomycota;Malasseziomycetes;Malasseziales;Malasseziaceae;Malassezia;Malassezia caprae,TRUE,1
GCF_000576695.1,Fungi;Ascomycota;Pichiomycetes;Pichiales;Pichiaceae;Kuraishia;Kuraishia capsulata,TRUE,1
GCF_016097325.1,Fungi;Ascomycota;Eurotiomycetes;Eurotiales;Aspergillaceae;Aspergillus;Aspergillus melleus,TRUE,1
GCF_022830035.1,Fungi;Ascomycota;Eurotiomycetes;Onygenales;Onygenaceae;Ophidiomyces;Ophidiomyces ophidiicola,TRUE,1
GCF_000600275.1,Fungi;Ascomycota;Eurotiomycetes;Eurotiales;Aspergillaceae;Aspergillus;Aspergillus ruber,TRUE,1
GCA_015501055.1,Fungi;Basidiomycota;Agaricomycetes;Agaricales;Physalacriaceae;Mucidula;Mucidula mucida,TRUE,1
GCA_000750675.1,Fungi;Ascomycota;Leotiomycetes;Thelebolales;Thelebolaceae;Pseudogymnoascus;Pseudogymnoascus sp. VKM F-3808,TRUE,1
GCF_010015585.1,Fungi;Ascomycota;Dothideomycetes;Eremomycetales;Eremomycetaceae;Eremomyces;Eremomyces bilateralis,TRUE,1
GCA_010093485.1,Fungi;Ascomycota;Dothideomycetes;Pleosporales;Didymosphaeriaceae;Karstenula;Karstenula rhodostoma,TRUE,1
GCA_015179045.1,Fungi;Ascomycota;Pezizomycetes;Pezizales;Pezizaceae;Kalaharituber;Kalaharituber pfeilii,TRUE,1
GCA_010093635.1,Fungi;Ascomycota;Dothideomycetes;Pleosporales;Massarinaceae;Massarina;Massarina eburnea,TRUE,1
GCA_014898285.1,Fungi;Ascomycota;Leotiomycetes;Helotiales;Sclerotiniaceae;Botrytis;Botrytis aclada,TRUE,1
GCF_039999085.1,Fungi;Basidiomycota;Cystobasidiomycetes;Cystobasidiales;Cystobasidiaceae;Cystobasidium;Cystobasidium minutum,FALSE,0
GCF_000820605.1,Fungi;Ascomycota;Sordariomycetes;Ophiostomatales;Ophiostomataceae;Sporothrix;Sporothrix brasiliensis,TRUE,1
GCA_002591415.1,Fungi;Ascomycota;Sordariomycetes;Hypocreales;Ophiocordycipitaceae;Ophiocordyceps;Ophiocordyceps australis,TRUE,1
GCA_011800875.2,Fungi;Basidiomycota;Agaricomycetes;Boletales;Suillaceae;Suillus;Suillus brevipes,TRUE,1
GCA_015584085.1,Fungi;Basidiomycota;Agaricomycetes;Agaricales;Agaricaceae;Macrolepiota;Macrolepiota fuliginosa,TRUE,1
GCA_042370635.1,Fungi;Ascomycota;Sordariomycetes;Sordariales;Chaetomiaceae;Corynascus;Corynascus similis,TRUE,1
GCA_001879275.1,Fungi;Ascomycota;Sordariomycetes;Coniochaetales;Coniochaetaceae;Coniochaeta;Coniochaeta ligniaria,TRUE,2
GCA_010093695.1,Fungi;Ascomycota;Dothideomycetes;Pleosporales;Leptosphaeriaceae;Plenodomus;Plenodomus tracheiphilus,TRUE,1
GCF_000968595.1,Fungi;Ascomycota;Eurotiomycetes;Eurotiales;Trichocomaceae;Rasamsonia;Rasamsonia emersonii,TRUE,1
GCF_001477535.1,Fungi;Ascomycota;Pneumocystomycetes;Pneumocystales;Pneumocystaceae;Pneumocystis;Pneumocystis jirovecii,FALSE,0
GCA_000750715.1,Fungi;Ascomycota;Leotiomycetes;Thelebolales;Thelebolaceae;Pseudogymnoascus;Pseudogymnoascus sp. VKM F-3775,TRUE,1
GCA_000750735.1,Fungi;Ascomycota;Leotiomycetes;Thelebolales;Thelebolaceae;Pseudogymnoascus;Pseudogymnoascus sp. VKM F-4246,TRUE,1
GCA_000750745.1,Fungi;Ascomycota;Leotiomycetes;Thelebolales;Thelebolaceae;Pseudogymnoascus;Pseudogymnoascus sp. VKM F-4281 (FW-2241),TRUE,1
GCA_000750935.1,Fungi;Ascomycota;Leotiomycetes;Thelebolales;Thelebolaceae;Pseudogymnoascus;Pseudogymnoascus sp. VKM F-4519 (FW-2642),FALSE,0
GCA_000750995.1,Fungi;Ascomycota;Leotiomycetes;Thelebolales;Thelebolaceae;Pseudogymnoascus;Pseudogymnoascus sp. VKM F-4520 (FW-2644),TRUE,1
GCF_036810445.1,Fungi;Basidiomycota;Tremellomycetes;Tremellales;Cryptococcaceae;Kwoniella;Kwoniella europaea,TRUE,1
GCA_036810365.1,Fungi;Basidiomycota;Tremellomycetes;Tremellales;Cryptococcaceae;Kwoniella;Kwoniella sp. B9012,TRUE,1
GCA_027576975.1,Fungi;Zoopagomycota;Kickxellomycetes;Kickxellales;Kickxellaceae;Coemansia;Coemansia umbellata,TRUE,1
GCF_020906515.1,Fungi;Basidiomycota;Tremellomycetes;Trichosporonales;Trichosporonaceae;Vanrija;Vanrija pseudolonga,TRUE,1
GCF_001907595.1,Fungi;Ascomycota;Eurotiomycetes;Eurotiales;Trichocomaceae;Talaromyces;Talaromyces atroroseus,TRUE,1
GCF_000835475.1,Fungi;Ascomycota;Eurotiomycetes;Chaetothyriales;Herpotrichiellaceae;Cladophialophora;Cladophialophora bantiana,TRUE,2
GCA_910591945.1,Fungi;Mucoromycota;Glomeromycetes;Archaeosporales;Ambisporaceae;Ambispora;Ambispora gerdemannii,TRUE,2
GCA_910592345.1,Fungi;Mucoromycota;Glomeromycetes;Paraglomerales;Paraglomeraceae;Paraglomus;Paraglomus brasilianum,TRUE,1
GCA_910591765.1,Fungi;Mucoromycota;Glomeromycetes;Archaeosporales;Ambisporaceae;Ambispora;Ambispora leptoticha,TRUE,2
GCA_002573605.1,Fungi;Ascomycota;Eurotiomycetes;Onygenales;NA;Polytolypa;Polytolypa hystricis,TRUE,1
GCA_014904985.1,Fungi;Basidiomycota;Agaricomycetes;Cantharellales;Hydnaceae;Hydnum;Hydnum rufescens,TRUE,1
GCF_003184925.1,Fungi;Ascomycota;Eurotiomycetes;Eurotiales;Aspergillaceae;Aspergillus;Aspergillus vadensis,TRUE,1
GCF_003184785.1,Fungi;Ascomycota;Eurotiomycetes;Eurotiales;Aspergillaceae;Aspergillus;Aspergillus japonicus,TRUE,1
GCF_003184535.1,Fungi;Ascomycota;Eurotiomycetes;Eurotiales;Aspergillaceae;Aspergillus;Aspergillus eucalypticola,TRUE,1
GCF_003184845.1,Fungi;Ascomycota;Eurotiomycetes;Eurotiales;Aspergillaceae;Aspergillus;Aspergillus ibericus,TRUE,1
GCF_003184835.1,Fungi;Ascomycota;Eurotiomycetes;Eurotiales;Aspergillaceae;Aspergillus;Aspergillus costaricensis,TRUE,1
GCA_003184635.1,Fungi;Ascomycota;Eurotiomycetes;Eurotiales;Aspergillaceae;Aspergillus;Aspergillus sclerotiicarbonarius,TRUE,1
GCF_003184765.1,Fungi;Ascomycota;Eurotiomycetes;Eurotiales;Aspergillaceae;Aspergillus;Aspergillus aculeatinus,TRUE,1
GCF_010015735.1,Fungi;Ascomycota;Dothideomycetes;Pleosporales;NA;Aaosphaeria;Aaosphaeria arxii,TRUE,1
GCA_033297235.1,Fungi;Ascomycota;Sordariomycetes;Sordariales;Chaetomiaceae;Trichocladium;Trichocladium antarcticum,TRUE,1
GCF_003184525.1,Fungi;Ascomycota;Eurotiomycetes;Eurotiales;Aspergillaceae;Aspergillus;Aspergillus sclerotioniger,TRUE,1
GCF_019112545.1,Fungi;Basidiomycota;Agaricomycetes;Agaricales;Physalacriaceae;Guyanagaster;Guyanagaster necrorhizus,TRUE,1
GCF_003184865.1,Fungi;Ascomycota;Eurotiomycetes;Eurotiales;Aspergillaceae;Aspergillus;Aspergillus homomorphus,TRUE,1
GCA_022813965.1,Fungi;Ascomycota;Lecanoromycetes;Rhizocarpales;Sporastatiaceae;Toensbergia;Toensbergia leucococca,FALSE,0
GCA_022813865.1,Fungi;Ascomycota;Lecanoromycetes;Baeomycetales;Xylographaceae;Xylographa;Xylographa opegraphella,FALSE,0
GCA_022813825.1,Fungi;Ascomycota;Lecanoromycetes;Baeomycetales;Xylographaceae;Xylographa;Xylographa parallela,FALSE,0
GCA_001691785.3,Fungi;Basidiomycota;Agaricomycetes;Agaricales;Amanitaceae;Amanita;Amanita brunnescens,TRUE,1
GCA_001691755.2,Fungi;Basidiomycota;Agaricomycetes;Agaricales;Amanitaceae;Amanita;Amanita polypyramis,TRUE,1
GCF_014898435.1,Fungi;Ascomycota;Leotiomycetes;Helotiales;Sclerotiniaceae;Botrytis;Botrytis sinoallii,TRUE,1
GCA_001432165.1,Fungi;Microsporidia;NA;NA;NA;Pseudoloma;Pseudoloma neurophilia,FALSE,0
GCA_027574685.1,Fungi;Zoopagomycota;Kickxellomycetes;Kickxellales;Kickxellaceae;Coemansia;Coemansia erecta,FALSE,0
GCA_010015675.1,Fungi;Ascomycota;Dothideomycetes;Pleosporales;Massarinaceae;Byssothecium;Byssothecium circinans,TRUE,1
GCA_037044635.1,Fungi;Ascomycota;Pichiomycetes;Pichiales;Pichiaceae;Martiniozyma;Martiniozyma asiatica (nom. inval.),TRUE,1
GCF_004355905.1,Fungi;Ascomycota;Sordariomycetes;Magnaporthales;Pyriculariaceae;Pyricularia;Pyricularia grisea,TRUE,1
GCA_021432625.1,Fungi;Ascomycota;Leotiomycetes;Helotiales;Leptodontidiaceae;Leptodontidium;Leptodontidium sp. 2 PMI_412,TRUE,1
GCA_021399455.1,Fungi;Basidiomycota;Agaricomycetes;Agaricales;Tricholomataceae;Flagelloscypha;Flagelloscypha sp. PMI_526,TRUE,1
GCA_963924405.1,Fungi;Ascomycota;Pichiomycetes;Serinales;Debaryomycetaceae;Kurtzmaniella;[Candida] anglica,TRUE,1
GCA_015039315.1,Fungi;Basidiomycota;Agaricomycetes;Cantharellales;Hydnaceae;Clavulina;Clavulina sp. PMI_390,TRUE,1
GCA_004325065.1,Fungi;Microsporidia;NA;NA;Dubosqiidae;Hamiltosporidium;Hamiltosporidium magnivora,FALSE,0
GCA_009982855.1,Fungi;Ascomycota;Dothideomycetes;NA;Pseudoperisporiaceae;Lizonia;Lizonia empirigonia,TRUE,1
GCA_025602915.1,Fungi;Blastocladiomycota;Physodermatomycetes;Physodermatales;Physodermataceae;Paraphysoderma;Paraphysoderma sedebokerense,TRUE,3
GCA_030867255.1,Fungi;Ascomycota;Sordariomycetes;Glomerellales;Glomerellaceae;Colletotrichum;Colletotrichum somersetense,TRUE,1
GCA_033807595.1,Fungi;Ascomycota;Dothideomycetes;Mycosphaerellales;Teratosphaeriaceae;Acrodontium;Acrodontium crateriforme,TRUE,1
GCA_045785125.1,Fungi;Ascomycota;Eurotiomycetes;Eurotiales;Aspergillaceae;Aspergillus;Aspergillus germanicus,TRUE,1
GCA_036872655.1,Fungi;Ascomycota;Dothideomycetes;Mycosphaerellales;Teratosphaeriaceae;Meristemomyces;Meristemomyces frigidus,TRUE,1
GCF_001204775.2,Fungi;Ascomycota;Eurotiomycetes;Eurotiales;Aspergillaceae;Aspergillus;Aspergillus nomiae,TRUE,1
GCA_029542905.1,Fungi;Basidiomycota;Malasseziomycetes;Malasseziales;Malasseziaceae;Malassezia;Malassezia arunalokei,TRUE,1
GCA_027577015.1,Fungi;Zoopagomycota;Dimargaritomycetes;Dimargaritales;Dimargaritaceae;Dispira;Dispira parvispora,TRUE,1
GCF_003144195.1,Fungi;Basidiomycota;Exobasidiomycetes;Ceraceosorales;Ceraceosoraceae;Ceraceosorus;Ceraceosorus guamensis,TRUE,1
GCF_020726525.1,Fungi;Ascomycota;Sordariomycetes;Xylariales;Sporocadaceae;Truncatella;Truncatella angustata,TRUE,1
GCA_015178965.1,Fungi;Basidiomycota;Agaricomycetes;Russulales;Russulaceae;Russula;Russula ochroleuca,TRUE,1
GCA_029281405.1,Fungi;Basidiomycota;Agaricomycetes;Agaricales;Mycenaceae;Mycena;Mycena pura,TRUE,1
GCA_030435655.1,Fungi;Basidiomycota;Agaricomycetes;Agaricales;Physalacriaceae;Armillaria;Armillaria novae-zelandiae,TRUE,1
GCA_027919835.1,Fungi;Basidiomycota;Agaricomycetes;Agaricales;Omphalotaceae;Lentinula;Lentinula raphanica,TRUE,1
GCA_028011355.1,Fungi;Basidiomycota;Agaricomycetes;Agaricales;Omphalotaceae;Lentinula;Lentinula aciculospora,TRUE,1
GCA_004918325.1,Fungi;Basidiomycota;Wallemiomycetes;Wallemiales;Wallemiaceae;Wallemia;Wallemia hederae,TRUE,1
GCF_004154835.1,Fungi;Ascomycota;Dothideomycetes;Pleosporales;Pleosporaceae;Alternaria;Alternaria arborescens,TRUE,1
GCF_013396195.1,Fungi;Ascomycota;Sordariomycetes;Hypocreales;Nectriaceae;Fusarium;Fusarium tjaetaba,TRUE,1
GCA_009194965.1,Fungi;Ascomycota;Sordariomycetes;Coniochaetales;Coniochaetaceae;Coniochaeta;Coniochaeta sp. 2T2.1,TRUE,4
GCA_020736575.1,Fungi;Ascomycota;Sordariomycetes;Hypocreales;Nectriaceae;Thelonectria;Thelonectria olida,TRUE,2
GCF_004337985.1,Fungi;Ascomycota;Sordariomycetes;Magnaporthales;Pyriculariaceae;Pyricularia;Pyricularia pennisetigena,TRUE,1
GCA_022813805.1,Fungi;Ascomycota;Lecanoromycetes;Baeomycetales;Xylographaceae;Xylographa;Xylographa soralifera,FALSE,0
GCA_022813905.1,Fungi;Ascomycota;Lecanoromycetes;Baeomycetales;Xylographaceae;Xylographa;Xylographa bjoerkii,FALSE,0
GCA_041438165.1,Fungi;Basidiomycota;Agaricomycetes;Agaricales;Schizophyllaceae;Schizophyllum;Schizophyllum fasciatum,TRUE,1
GCA_026954515.1,Fungi;Chytridiomycota;Chytridiomycetes;Cladochytriales;Cladochytriaceae;Cladochytrium;Cladochytrium tenue,FALSE,0
GCA_015179035.1,Fungi;Ascomycota;Pezizomycetes;Pezizales;Pezizaceae;Tirmania;Tirmania nivea,TRUE,1
GCA_022813925.1,Fungi;Ascomycota;Lecanoromycetes;Pertusariales;Pertusariaceae;Varicellaria;Varicellaria rhodocarpa,FALSE,0
GCA_001662645.1,Fungi;Ascomycota;Leotiomycetes;Thelebolales;Thelebolaceae;Pseudogymnoascus;Pseudogymnoascus sp. 03VT05,TRUE,1
GCA_001662595.1,Fungi;Ascomycota;Leotiomycetes;Thelebolales;Thelebolaceae;Pseudogymnoascus;Pseudogymnoascus sp. 24MN13,TRUE,1
GCA_018360175.1,Fungi;Ascomycota;Sordariomycetes;Hypocreales;Clavicipitaceae;Claviceps;Claviceps arundinis,TRUE,1
GCA_014805555.1,Fungi;Microsporidia;NA;NA;Astathelohaniidae;Astathelohania;Astathelohania contejeani,FALSE,0
GCA_018360055.1,Fungi;Ascomycota;Sordariomycetes;Hypocreales;Clavicipitaceae;Claviceps;Claviceps monticola,TRUE,1
GCF_039105145.1,Fungi;Basidiomycota;Tremellomycetes;Tremellales;Cryptococcaceae;Kwoniella;Kwoniella newhampshirensis,TRUE,1
GCF_001299255.1,Fungi;Ascomycota;Eurotiomycetes;Chaetothyriales;Cyphellophoraceae;Cyphellophora;Cyphellophora attinorum,TRUE,1
GCA_004802695.1,Fungi;Basidiomycota;Agaricomycetes;Hymenochaetales;Hymenochaetaceae;Phellinidium;Phellinidium pouzarii,FALSE,0
GCA_003144235.1,Fungi;Basidiomycota;Ustilaginomycetes;Violaceomycetales;Violaceomycetaceae;Violaceomyces;Violaceomyces palustris,TRUE,1
GCA_004156025.2,Fungi;Ascomycota;Dothideomycetes;Pleosporales;Pleosporaceae;Alternaria;Alternaria gaisen,TRUE,1
GCF_021901695.1,Fungi;Basidiomycota;Pucciniomycetes;Pucciniales;Pucciniaceae;Puccinia;Puccinia striiformis,TRUE,1
GCA_905067625.1,Fungi;Ascomycota;Leotiomycetes;Erysiphales;Erysiphaceae;Blumeria;Blumeria graminis,TRUE,1
GCA_035928285.1,Fungi;Ascomycota;Dothideomycetes;Mycosphaerellales;Extremaceae;Vermiconidia;Vermiconidia calcicola,TRUE,1
GCF_035928015.1,Fungi;Ascomycota;Dothideomycetes;Mycosphaerellales;Extremaceae;Saxophila;Saxophila tyrrhenica,TRUE,1
GCF_023522795.1,Fungi;Ascomycota;Sordariomycetes;Hypocreales;Nectriaceae;Fusarium;Fusarium solani,TRUE,1
GCA_016906575.1,Fungi;Basidiomycota;Agaricomycetes;Cantharellales;Ceratobasidiaceae;Ceratobasidium;Ceratobasidium sp. AG-Ba,TRUE,2
GCA_003614755.1,Fungi;Zoopagomycota;Zoopagomycetes;Zoopagales;Piptocephalidaceae;Syncephalis;Syncephalis pseudoplumigaleata,FALSE,0
GCA_015039465.1,Fungi;Basidiomycota;Agaricomycetes;Agaricales;Cortinariaceae;Phlegmacium;Phlegmacium glaucopus,TRUE,1
GCA_029378245.1,Fungi;Basidiomycota;Agaricomycetes;Agaricales;Mycenaceae;Roridomyces;Roridomyces roridus,FALSE,0
GCA_026054655.1,Fungi;Ascomycota;Lichinomycetes;Lichinales;Lichinaceae;Lichina;Lichina confinis,TRUE,1
GCA_029233265.1,Fungi;Basidiomycota;Agaricomycetes;Agaricales;Mycenaceae;Mycena;Mycena alexandri,TRUE,1
GCA_001630335.1,Fungi;Basidiomycota;Agaricomycetes;Atheliales;Atheliaceae;Athelia;Athelia psychrophila,TRUE,1
GCA_044048685.1,Fungi;Ascomycota;Eurotiomycetes;Eurotiales;Aspergillaceae;Aspergillus;Aspergillus cavernicola,TRUE,1
GCA_044048675.1,Fungi;Ascomycota;Eurotiomycetes;Eurotiales;Aspergillaceae;Aspergillus;Aspergillus granulosus,TRUE,1
GCA_021365335.1,Fungi;Ascomycota;Dothideomycetes;Pleosporales;Phaeosphaeriaceae;NA;Phaeosphaeriaceae sp. PMI808,TRUE,1
GCA_003635345.1,Fungi;Ascomycota;Sordariomycetes;Coniochaetales;Coniochaetaceae;Coniochaeta;Coniochaeta pulveracea,TRUE,1
GCF_024628925.1,Fungi;Ascomycota;Pichiomycetes;Serinales;Debaryomycetaceae;Candida;Candida margitis,TRUE,1
GCF_963989305.1,Fungi;Ascomycota;Pichiomycetes;Serinales;Debaryomycetaceae;Lodderomyces;Lodderomyces beijingensis,TRUE,1
GCF_036884675.1,Fungi;Ascomycota;Pichiomycetes;Serinales;Debaryomycetaceae;Scheffersomyces;Scheffersomyces coipomensis,TRUE,1
GCA_024613145.1,Fungi;Basidiomycota;Agaricomycetes;Boletales;Pisolithaceae;Pisolithus;Pisolithus marmoratus,TRUE,1
GCA_900180425.1,Fungi;Ascomycota;Saccharomycetes;Saccharomycetales;Saccharomycetaceae;Maudiozyma;Maudiozyma saulgeensis,TRUE,1
GCF_028829455.1,Fungi;Ascomycota;Eurotiomycetes;Eurotiales;Aspergillaceae;Penicillium;Penicillium robsamsonii,TRUE,1
GCA_001882365.1,Fungi;Basidiomycota;Agaricomycetes;Boletales;Rhizopogonaceae;Rhizopogon;Rhizopogon vesiculosus,FALSE,0
GCA_022539335.1,Fungi;Ascomycota;Sordariomycetes;Xylariales;Xylariaceae;Xylaria;Xylaria cf. heliscus,TRUE,1
GCA_003549995.1,Fungi;Mucoromycota;Glomeromycetes;Glomerales;Glomeraceae;Rhizophagus;Rhizophagus sp. MUCL 43196,FALSE,0
GCA_029542845.1,Fungi;Basidiomycota;Malasseziomycetes;Malasseziales;Malasseziaceae;Malassezia;Malassezia nana,FALSE,0
GCA_001642415.1,Fungi;Microsporidia;NA;NA;NA;Nematocida;Nematocida sp. ERTm5,FALSE,0
GCF_023757985.1,Fungi;Ascomycota;Dothideomycetes;Pleosporales;Pleosporaceae;Alternaria;Alternaria ethzedia,TRUE,1
GCF_024043145.1,Fungi;Ascomycota;Dothideomycetes;Pleosporales;Pleosporaceae;Alternaria;Alternaria conjuncta,TRUE,1
GCA_025688815.1,Fungi;Ascomycota;Eurotiomycetes;Eurotiales;Aspergillaceae;Aspergillus;Aspergillus carlsbadensis,TRUE,1
GCF_003369625.1,Fungi;Ascomycota;Eurotiomycetes;Eurotiales;Aspergillaceae;Aspergillus;Aspergillus mulundensis,TRUE,1
GCF_018924745.1,Fungi;Basidiomycota;Agaricomycetes;Agaricales;Marasmiaceae;Marasmius;Marasmius oreades,TRUE,1
GCF_041260175.1,Fungi;Basidiomycota;Tremellomycetes;Trichosporonales;Trichosporonaceae;Vanrija;Vanrija albida,TRUE,1
GCA_963921855.1,Fungi;Ascomycota;Sordariomycetes;Ophiostomatales;Ophiostomataceae;Sporothrix;Sporothrix eucalyptigena,TRUE,1
GCA_002003505.1,Fungi;Ascomycota;Sordariomycetes;Xylariales;NA;NA;Xylariales sp. No.14919,TRUE,1
GCF_017499595.1,Fungi;Basidiomycota;Agaricomycetes;Agaricales;Strophariaceae;Psilocybe;Psilocybe cubensis,TRUE,1
GCA_002938355.1,Fungi;Basidiomycota;Agaricomycetes;Agaricales;Galeropsidaceae;Panaeolus;Panaeolus cyanescens,TRUE,1
GCA_029542985.1,Fungi;Basidiomycota;Malasseziomycetes;Malasseziales;Malasseziaceae;Malassezia;Malassezia brasiliensis,TRUE,1
GCF_001773325.1,Fungi;Ascomycota;Eurotiomycetes;Eurotiales;Aspergillaceae;Penicillium;Penicillium arizonense,TRUE,1
GCA_018257855.2,Fungi;Ascomycota;Lecanoromycetes;Lecanorales;Cladoniaceae;Cladonia;Cladonia borealis,TRUE,1
GCA_000835435.1,Fungi;Ascomycota;Eurotiomycetes;Chaetothyriales;Herpotrichiellaceae;Phialophora;Phialophora macrospora,TRUE,2
GCA_025201365.1,Fungi;Zoopagomycota;Zoopagomycetes;Zoopagales;Piptocephalidaceae;Syncephalis;Syncephalis plumigaleata,TRUE,1
GCA_025786725.1,Fungi;Zoopagomycota;Zoopagomycetes;Zoopagales;Piptocephalidaceae;Syncephalis;Syncephalis fuscata,TRUE,1
GCF_033439085.1,Fungi;Ascomycota;Sordariomycetes;Sordariales;Chaetomiaceae;Chaetomium;Chaetomium fimeti,TRUE,1
GCF_036417295.1,Fungi;Basidiomycota;Tremellomycetes;Tremellales;Cryptococcaceae;Cryptococcus;Cryptococcus decagattii,TRUE,1
GCA_023375755.1,Fungi;Ascomycota;Sordariomycetes;Hypocreales;Stachybotryaceae;Paramyrothecium;Paramyrothecium foliicola,TRUE,1
GCA_001875675.1,Fungi;Microsporidia;NA;NA;Amphiacanthidae;Amphiamblys;Amphiamblys sp. WSBS2006,FALSE,0
GCA_025201725.1,Fungi;Chytridiomycota;Chytridiomycetes;Chytridiales;Chytriomycetaceae;Chytriomyces;Chytriomyces sp. MP71,TRUE,2
GCA_025677805.1,Fungi;Mucoromycota;Umbelopsidomycetes;Umbelopsidales;Umbelopsidaceae;Umbelopsis;Umbelopsis sp. AD052,TRUE,1
GCA_002286715.1,Fungi;Basidiomycota;Agaricomycetes;Russulales;Hericiaceae;Dentipellis;Dentipellis sp. KUC8613,TRUE,1
GCA_003942215.1,Fungi;Basidiomycota;Tremellomycetes;Tremellales;Trimorphomycetaceae;Saitozyma;Saitozyma podzolica,TRUE,1
GCA_033220655.1,Fungi;Ascomycota;Dothideomycetes;Pleosporales;Didymosphaeriaceae;Pseudopithomyces;Pseudopithomyces chartarum,TRUE,1
GCA_024336345.1,Fungi;Ascomycota;Sordariomycetes;Hypocreales;Nectriaceae;Mariannaea;Mariannaea sp. PMI_226,TRUE,2
GCA_015502575.1,Fungi;Mucoromycota;Mortierellomycetes;Mortierellales;Mortierellaceae;Mortierella;Mortierella sp. AD010,FALSE,0
GCA_015679545.1,Fungi;Mucoromycota;Mortierellomycetes;Mortierellales;Mortierellaceae;Mortierella;Mortierella sp. AD094,TRUE,1
GCA_015502455.1,Fungi;Mucoromycota;Mortierellomycetes;Mortierellales;Mortierellaceae;Mortierella;Mortierella sp. AM989,FALSE,0
GCA_015502445.1,Fungi;Mucoromycota;Mortierellomycetes;Mortierellales;Mortierellaceae;Mortierella;Mortierella sp. GBA35,TRUE,1
GCA_015502485.1,Fungi;Mucoromycota;Mortierellomycetes;Mortierellales;Mortierellaceae;Mortierella;Mortierella sp. GBA39,TRUE,1
GCA_016098045.1,Fungi;Mucoromycota;Mortierellomycetes;Mortierellales;Mortierellaceae;Mortierella;Mortierella sp. GBA43,FALSE,0
GCA_015529795.1,Fungi;Mucoromycota;Mortierellomycetes;Mortierellales;Mortierellaceae;Haplosporangium;Haplosporangium sp. Z 27,TRUE,1
GCA_015500155.1,Fungi;Mucoromycota;Mortierellomycetes;Mortierellales;Mortierellaceae;Haplosporangium;Haplosporangium bisporale,TRUE,1
GCA_015529505.1,Fungi;Mucoromycota;Mortierellomycetes;Mortierellales;Mortierellaceae;Haplosporangium;Haplosporangium sp. Z 11,TRUE,1
GCA_905337325.1,Fungi;Ascomycota;Lecanoromycetes;Lecanorales;Parmeliaceae;Alectoria;Alectoria fallacina,TRUE,1
GCF_028828495.1,Fungi;Ascomycota;Eurotiomycetes;Eurotiales;Aspergillaceae;Penicillium;Penicillium riverlandense,TRUE,1
GCA_025769895.1,Fungi;Basidiomycota;Agaricomycetes;Russulales;Russulaceae;Lactarius;Lactarius psammicola,TRUE,1
GCA_022813615.2,Fungi;Ascomycota;Eurotiomycetes;Chaetothyriales;Trichomeriaceae;Knufia;Knufia fluminis,TRUE,1
GCF_016758755.1,Fungi;Basidiomycota;Agaricomycetes;Boletales;Suillaceae;Suillus;Suillus discolor,TRUE,2
GCA_024243835.1,Fungi;Microsporidia;NA;NA;NA;Enteropsectra;Enteropsectra breve,FALSE,0
GCF_000738915.1,Fungi;Microsporidia;NA;NA;NA;Nematocida;Nematocida ausubeli,FALSE,0
GCA_037952775.1,Fungi;Ascomycota;Sordariomycetes;Hypocreales;Bionectriaceae;Clonostachys;Clonostachys chloroleuca,TRUE,3
GCF_030435595.1,Fungi;Basidiomycota;Agaricomycetes;Agaricales;Physalacriaceae;Desarmillaria;Desarmillaria tabescens,TRUE,1
GCA_021525025.1,Fungi;Basidiomycota;Agaricomycetes;Russulales;Russulaceae;Lactarius;Lactarius hengduanensis,TRUE,1
GCA_021525015.1,Fungi;Basidiomycota;Agaricomycetes;Russulales;Russulaceae;Lactarius;Lactarius pseudohatsudake,TRUE,1
GCF_033296635.1,Fungi;Ascomycota;Sordariomycetes;Sordariales;Chaetomiaceae;Dichotomopilus;Dichotomopilus funicola,TRUE,1
GCF_019207285.1,Fungi;Ascomycota;Pichiomycetes;Pichiales;Pichiaceae;Ogataea;Ogataea haglerorum,TRUE,1
GCA_002261195.1,Fungi;Mucoromycota;Endogonomycetes;Endogonales;NA;Bifiguratus;Bifiguratus adelaidae,FALSE,0
GCA_029204085.1,Fungi;Basidiomycota;Agaricomycetes;Agaricales;Mycenaceae;Mycena;Mycena sp. CBHHK59/15,TRUE,1
GCA_021365275.1,Fungi;Ascomycota;Sordariomycetes;Xylariales;NA;NA;Xylariales sp. PMI_506,TRUE,1
GCA_027627325.1,Fungi;Basidiomycota;Agaricomycetes;Polyporales;Meruliaceae;Phlebia;Phlebia brevispora,FALSE,0
GCA_021307315.1,Fungi;Ascomycota;Leotiomycetes;Helotiales;Helotiaceae;Bisporella;Bisporella sp. PMI_857,TRUE,1
GCA_022578535.1,Fungi;Ascomycota;Sordariomycetes;Xylariales;Hypoxylaceae;Jackrogersella;Jackrogersella minutella,TRUE,1
GCA_001566295.1,Fungi;Ascomycota;Sordariomycetes;Xylariales;Microdochiaceae;Microdochium;Microdochium bolleyi,TRUE,1
GCF_013461495.1,Fungi;Ascomycota;Leotiomycetes;Helotiales;Sclerotiniaceae;Botrytis;Botrytis fragariae,TRUE,1
GCA_018361025.1,Fungi;Ascomycota;Sordariomycetes;Hypocreales;Clavicipitaceae;Claviceps;Claviceps aff. purpurea,TRUE,1
GCA_002591385.1,Fungi;Ascomycota;Sordariomycetes;Hypocreales;Cordycipitaceae;Cordyceps;Cordyceps sp. RAO-2017,TRUE,1
GCA_013368445.1,Fungi;Basidiomycota;Agaricomycetes;Agaricales;Agaricaceae;Leucoagaricus;Leucoagaricus leucothites,FALSE,0
GCA_038051015.1,Fungi;Ascomycota;Dothideomycetes;Botryosphaeriales;Phyllostictaceae;Phyllosticta;Phyllosticta paracitricarpa,TRUE,1
GCF_029542925.1,Fungi;Basidiomycota;Malasseziomycetes;Malasseziales;Malasseziaceae;Malassezia;Malassezia vespertilionis,TRUE,1
GCA_012980515.1,Fungi;Ascomycota;Sordariomycetes;Hypocreales;Ophiocordycipitaceae;Ophiocordyceps;Ophiocordyceps camponoti-floridani,TRUE,1
GCA_022963135.1,Fungi;Basidiomycota;Ustilaginomycetes;Ustilaginales;Ustilaginaceae;Ustilago;Ustilago loliicola,TRUE,1
GCF_028828005.1,Fungi;Ascomycota;Eurotiomycetes;Eurotiales;Aspergillaceae;Penicillium;Penicillium manginii,TRUE,3
GCA_003339415.1,Fungi;Ascomycota;Sordariomycetes;Hypocreales;Ophiocordycipitaceae;Ophiocordyceps;Ophiocordyceps camponoti-saundersi (nom. inval.),TRUE,1
GCA_003339455.1,Fungi;Ascomycota;Sordariomycetes;Hypocreales;Ophiocordycipitaceae;Ophiocordyceps;Ophiocordyceps camponoti-leonardi (nom. inval.),TRUE,1
GCA_900312665.1,Fungi;Ascomycota;Sordariomycetes;Microascales;Microascaceae;Cephalotrichum;Cephalotrichum gorgonifer,TRUE,1
GCA_900242705.1,Fungi;Basidiomycota;Ustilaginomycetes;Ustilaginales;Ustilaginaceae;Ustilago;Ustilago sp. UG-2017a,TRUE,1
GCA_900242695.1,Fungi;Basidiomycota;Ustilaginomycetes;Ustilaginales;Ustilaginaceae;Ustilago;Ustilago sp. UG-2017b,TRUE,1
GCA_018857305.1,Fungi;Basidiomycota;Agaricomycetes;Agaricales;Lyophyllaceae;Termitomyces;Termitomyces sp. T159_Od127,TRUE,1
GCA_018857285.1,Fungi;Basidiomycota;Agaricomycetes;Agaricales;Lyophyllaceae;Termitomyces;Termitomyces sp. Mi166#008,TRUE,1
GCA_004011705.1,Fungi;Ascomycota;Dothideomycetes;Pleosporales;Didymellaceae;Ascochyta;Ascochyta lentis,TRUE,1
GCA_004679275.1,Fungi;Basidiomycota;Agaricomycetes;Russulales;Hericiaceae;Dentipellis;Dentipellis fragilis,FALSE,0
GCF_000149585.1,Fungi;Ascomycota;Eurotiomycetes;Onygenales;Ajellomycetaceae;Histoplasma;Histoplasma mississippiense (nom. inval.),TRUE,1
GCA_002572885.1,Fungi;Ascomycota;Eurotiomycetes;Onygenales;Ajellomycetaceae;Blastomyces;Blastomyces parvus,TRUE,1
GCA_024663515.1,Fungi;Basidiomycota;Agaricomycetes;Boletales;Pisolithaceae;Pisolithus;Pisolithus croceorrhizus,TRUE,1
GCA_015501585.1,Fungi;Basidiomycota;Agaricomycetes;Agaricales;Omphalotaceae;Rhodocollybia;Rhodocollybia butyracea,TRUE,1
GCA_014925825.1,Fungi;Basidiomycota;Agaricomycetes;Agaricales;Strophariaceae;Pholiota;Pholiota molesta,TRUE,1
GCA_002946385.1,Fungi;Ascomycota;Leotiomycetes;Helotiales;Rutstroemiaceae;Rutstroemia;Rutstroemia sp. NJR-2017a WRK4,TRUE,2
GCA_002946415.1,Fungi;Ascomycota;Leotiomycetes;Helotiales;Rutstroemiaceae;Rutstroemia;Rutstroemia sp. NJR-2017a BVV2,TRUE,1
GCA_002946425.1,Fungi;Ascomycota;Leotiomycetes;Helotiales;Rutstroemiaceae;Rutstroemia;Rutstroemia sp. NJR-2017a BBW,TRUE,2
GCA_029449355.1,Fungi;Ascomycota;Eurotiomycetes;Onygenales;NA;Emydomyces;Emydomyces testavorans,TRUE,1
GCA_021365295.1,Fungi;Ascomycota;Leotiomycetes;Helotiales;Helotiaceae;Hymenoscyphus;Hymenoscyphus varicosporioides,TRUE,1
GCA_002865625.1,Fungi;Ascomycota;Leotiomycetes;Helotiales;Hyaloscyphaceae;Hyaloscypha;Hyaloscypha hepaticicola,TRUE,1
GCA_002895985.1,Fungi;Ascomycota;Dothideomycetes;Myriangiales;Elsinoaceae;Sphaceloma;Sphaceloma murrayae,TRUE,1
GCA_028827535.1,Fungi;Ascomycota;Eurotiomycetes;Eurotiales;Aspergillaceae;Penicillium;Penicillium sp. DV-2018c,TRUE,1
GCF_035222375.1,Fungi;Ascomycota;Sordariomycetes;Sordariales;Podosporaceae;Podospora;Podospora pseudocomata,TRUE,1
GCF_035222475.1,Fungi;Ascomycota;Sordariomycetes;Sordariales;Podosporaceae;Podospora;Podospora pseudopauciseta,TRUE,1
GCF_028827025.1,Fungi;Ascomycota;Eurotiomycetes;Eurotiales;Aspergillaceae;Penicillium;Penicillium cataractarum,TRUE,4
GCA_001749795.1,Fungi;Ascomycota;Saccharomycetes;Saccharomycodales;Saccharomycodaceae;Hanseniaspora;Hanseniaspora opuntiae,TRUE,1
GCA_003610855.1,Fungi;Ascomycota;Leotiomycetes;Erysiphales;Erysiphaceae;Erysiphe;Erysiphe neolycopersici,TRUE,1
GCF_014461135.1,Fungi;Basidiomycota;Agaricomycetes;Agaricales;Mycenaceae;Mycena;Mycena indigotica,TRUE,1
GCA_000344655.2,Fungi;Basidiomycota;Agaricomycetes;Polyporales;Fomitopsidaceae;Fomitopsis;Fomitopsis schrenkii,TRUE,1
GCF_000836275.1,Fungi;Ascomycota;Eurotiomycetes;Chaetothyriales;Herpotrichiellaceae;Exophiala;Exophiala mesophila,TRUE,2
GCA_032988165.1,Fungi;Ascomycota;Eurotiomycetes;Onygenales;Ajellomycetaceae;Emmonsiellopsis;Emmonsiellopsis sp. PD_33,TRUE,2
GCA_032988985.1,Fungi;Ascomycota;Eurotiomycetes;Onygenales;Ajellomycetaceae;Emmonsiellopsis;Emmonsiellopsis sp. PD_5,TRUE,1
GCA_022606275.1,Fungi;Basidiomycota;Agaricomycetes;Polyporales;Polyporaceae;Cubamyces;Cubamyces menziesii,TRUE,1
GCA_024663475.1,Fungi;Basidiomycota;Agaricomycetes;Boletales;Pisolithaceae;Pisolithus;Pisolithus thermaeus,TRUE,1
GCA_019633565.1,Fungi;Basidiomycota;Agaricomycetes;Sebacinales;Serendipitaceae;NA;Serendipita sp. 407,FALSE,0
GCF_000835515.1,Fungi;Ascomycota;Eurotiomycetes;Chaetothyriales;Herpotrichiellaceae;Exophiala;Exophiala oligosperma,TRUE,1
GCF_003144295.1,Fungi;Basidiomycota;Exobasidiomycetes;Exobasidiales;Cryptobasidiaceae;Acaromyces;Acaromyces ingoldii,TRUE,1
GCA_007825375.1,Fungi;Ascomycota;Leotiomycetes;Helotiales;Lachnaceae;Lachnellula;Lachnellula willkommii,FALSE,0
GCA_014235945.1,Fungi;Ascomycota;Sordariomycetes;Glomerellales;Glomerellaceae;Colletotrichum;Colletotrichum plurivorum,TRUE,1
GCA_016097735.1,Fungi;Mucoromycota;Mucoromycetes;Mucorales;Mucoraceae;Apophysomyces;Apophysomyces sp. BC1021,TRUE,1
GCA_004155035.1,Fungi;Ascomycota;Sordariomycetes;Xylariales;NA;Monosporascus;Monosporascus sp. 5C6A,TRUE,1
GCA_004154975.1,Fungi;Ascomycota;Sordariomycetes;Xylariales;NA;Monosporascus;Monosporascus sp. MC13-8B,TRUE,1
GCA_004155935.1,Fungi;Ascomycota;Sordariomycetes;Xylariales;NA;Monosporascus;Monosporascus sp. GIB2,TRUE,1
GCA_025766275.1,Fungi;Basidiomycota;Agaricomycetes;Russulales;Russulaceae;Lactarius;Lactarius indigo,TRUE,1
GCF_028009165.1,Fungi;Ascomycota;Sordariomycetes;Hypocreales;Cordycipitaceae;Akanthomyces;Akanthomyces muscarius,TRUE,1
GCA_022813765.1,Fungi;Ascomycota;Lecanoromycetes;Baeomycetales;Xylographaceae;Xylographa;Xylographa vitiligo,FALSE,0
GCF_029542785.1,Fungi;Basidiomycota;Malasseziomycetes;Malasseziales;Malasseziaceae;Malassezia;Malassezia japonica,TRUE,1
GCA_003709845.1,Fungi;Ascomycota;Eurotiomycetes;Chaetothyriales;NA;NA;Chaetothyriales sp. CBS 134916,TRUE,1
GCA_003709825.1,Fungi;Ascomycota;Eurotiomycetes;Chaetothyriales;NA;NA;Chaetothyriales sp. CBS 135597,TRUE,1
GCA_002918395.1,Fungi;Ascomycota;Leotiomycetes;Erysiphales;Erysiphaceae;Erysiphe;Erysiphe pulchra,TRUE,1
GCF_947241705.1,Fungi;Ascomycota;Saccharomycetes;Saccharomycetales;Saccharomycetaceae;Saccharomyces;Saccharomyces mikatae,TRUE,1
GCF_947243775.1,Fungi;Ascomycota;Saccharomycetes;Saccharomycetales;Saccharomycetaceae;Saccharomyces;Saccharomyces kudriavzevii,TRUE,1
GCA_009650685.1,Fungi;Basidiomycota;Tremellomycetes;Tremellales;Cryptococcaceae;Cryptococcus;Cryptococcus gattii VGV,TRUE,1
GCF_000011425.1,Fungi;Ascomycota;Eurotiomycetes;Eurotiales;Aspergillaceae;Aspergillus;Aspergillus nidulans,TRUE,2
GCA_002287475.2,Fungi;Basidiomycota;Agaricomycetes;Hymenochaetales;Hymenochaetaceae;Pyrrhoderma;Pyrrhoderma noxium,TRUE,1
GCA_029448575.1,Fungi;Basidiomycota;Agaricomycetes;Agaricales;Mycenaceae;Mycena;Mycena maculata,TRUE,1
GCA_029378375.1,Fungi;Basidiomycota;Agaricomycetes;Agaricales;Mycenaceae;Mycena;Mycena olivaceomarginata,FALSE,0
GCA_014462675.1,Fungi;Basidiomycota;Agaricomycetes;Agaricales;Mycenaceae;Mycena;Mycena sanguinolenta,TRUE,2
GCF_003316985.1,Fungi;Ascomycota;Sordariomycetes;Hypocreales;Nectriaceae;Fusarium;Fusarium coffeatum,TRUE,1
GCA_002938385.1,Fungi;Basidiomycota;Agaricomycetes;Agaricales;Hymenogastraceae;Gymnopilus;Gymnopilus dilepis,TRUE,1
GCF_024043155.1,Fungi;Ascomycota;Dothideomycetes;Pleosporales;Pleosporaceae;Alternaria;Alternaria arbusti,TRUE,1
GCA_003990785.1,Fungi;Mucoromycota;Endogonomycetes;Endogonales;Endogonaceae;Endogone;Endogone sp. FLAS-F59071,FALSE,0
GCF_001883845.1,Fungi;Ascomycota;Dothideomycetes;Botryosphaeriales;Botryosphaeriaceae;Diplodia;Diplodia corticola,TRUE,1
GCF_000002495.2,Fungi;Ascomycota;Sordariomycetes;Magnaporthales;Pyriculariaceae;Pyricularia;Pyricularia oryzae,TRUE,1
GCA_004802725.1,Fungi;Basidiomycota;Agaricomycetes;Polyporales;Steccherinaceae;Antrodiella;Antrodiella citrinella,TRUE,1
GCF_010093505.1,Fungi;Ascomycota;Dothideomycetes;Mycosphaerellales;Teratosphaeriaceae;Neohortaea;Neohortaea acidophila,TRUE,1
GCF_014898535.1,Fungi;Ascomycota;Leotiomycetes;Helotiales;Sclerotiniaceae;Botrytis;Botrytis deweyae,TRUE,1
GCA_038087015.1,Fungi;Basidiomycota;Agaricomycetes;Polyporales;Cerrenaceae;Cerrena;Cerrena zonata,TRUE,2
GCA_013368295.1,Fungi;Basidiomycota;Agaricomycetes;Agaricales;Strophariaceae;Psilocybe;Psilocybe cf. subviscida,TRUE,2
GCA_021399475.1,Fungi;Ascomycota;Leotiomycetes;Helotiales;Hyaloscyphaceae;Hyaloscypha;Hyaloscypha finlandica,TRUE,1
GCF_022695815.1,Fungi;Ascomycota;Eurotiomycetes;Chaetothyriales;Herpotrichiellaceae;Exophiala;Exophiala viscosa,TRUE,1
GCA_027945245.1,Fungi;Ascomycota;Sordariomycetes;Hypocreales;Nectriaceae;Fusarium;Fusarium irregulare,TRUE,1
GCA_027578535.1,Fungi;Zoopagomycota;Kickxellomycetes;Kickxellales;Kickxellaceae;Coemansia;Coemansia sp. RSA 1933,TRUE,1
GCA_027578355.1,Fungi;Zoopagomycota;Kickxellomycetes;Kickxellales;Kickxellaceae;Coemansia;Coemansia sp. RSA 2320,TRUE,1
GCA_027577615.1,Fungi;Zoopagomycota;Kickxellomycetes;Kickxellales;Kickxellaceae;Coemansia;Coemansia sp. RSA 451,TRUE,1
GCA_027577595.1,Fungi;Zoopagomycota;Kickxellomycetes;Kickxellales;Kickxellaceae;Coemansia;Coemansia sp. RSA 487,TRUE,1
GCA_027577725.1,Fungi;Zoopagomycota;Kickxellomycetes;Kickxellales;Kickxellaceae;Coemansia;Coemansia sp. RSA 518,TRUE,1
GCA_030512295.1,Fungi;Ascomycota;Sordariomycetes;Sordariales;Lasiosphaeriaceae;Bombardia;Bombardia bombarda,TRUE,1
GCA_033297215.1,Fungi;Ascomycota;Sordariomycetes;Sordariales;Podosporaceae;Podospora;Podospora fimiseda,TRUE,1
GCA_036971655.1,Fungi;Ascomycota;Orbiliomycetes;Orbiliales;Orbiliaceae;Arthrobotrys;Arthrobotrys megalospora,TRUE,1
GCA_029542965.1,Fungi;Basidiomycota;Malasseziomycetes;Malasseziales;Malasseziaceae;Malassezia;Malassezia yamatoensis,FALSE,0
GCF_027921745.1,Fungi;Ascomycota;Schizosaccharomycetes;Schizosaccharomycetales;Schizosaccharomycetaceae;Schizosaccharomyces;Schizosaccharomyces osmophilus,TRUE,1
GCA_002072365.1,Fungi;Ascomycota;Eurotiomycetes;Eurotiales;Aspergillaceae;Penicillium;Penicillium flavigenum,TRUE,1
GCA_018360205.1,Fungi;Ascomycota;Sordariomycetes;Hypocreales;Clavicipitaceae;Claviceps;Claviceps digitariae,TRUE,1
GCA_018360595.1,Fungi;Ascomycota;Sordariomycetes;Hypocreales;Clavicipitaceae;Claviceps;Claviceps sp. LM219 group G6,TRUE,1
GCA_018360435.1,Fungi;Ascomycota;Sordariomycetes;Hypocreales;Clavicipitaceae;Claviceps;Claviceps sp. LM218 group G6,TRUE,1
GCA_018360345.1,Fungi;Ascomycota;Sordariomycetes;Hypocreales;Clavicipitaceae;Claviceps;Claviceps sp. LM84 group G4,TRUE,1
GCA_018360385.1,Fungi;Ascomycota;Sordariomycetes;Hypocreales;Clavicipitaceae;Claviceps;Claviceps sp. LM78 group G4,TRUE,1
GCA_018360375.1,Fungi;Ascomycota;Sordariomycetes;Hypocreales;Clavicipitaceae;Claviceps;Claviceps sp. LM77 group G4,TRUE,1
GCA_018360355.1,Fungi;Ascomycota;Sordariomycetes;Hypocreales;Clavicipitaceae;Claviceps;Claviceps sp. Clav32 group G5,TRUE,1
GCA_027579175.1,Fungi;Zoopagomycota;Kickxellomycetes;Kickxellales;Kickxellaceae;Coemansia;Coemansia sp. IMI 203386,TRUE,1
GCA_015844325.1,Fungi;Ascomycota;Eurotiomycetes;Eurotiales;Aspergillaceae;Aspergillus;Aspergillus nanangensis,TRUE,1
GCF_033297405.1,Fungi;Ascomycota;Sordariomycetes;Sordariales;Chaetomiaceae;Parathielavia;Parathielavia appendiculata,TRUE,2
GCA_041956545.1,Fungi;Ascomycota;Sordariomycetes;Sordariales;Chaetomiaceae;Thermothelomyces;Thermothelomyces fergusii,TRUE,1
GCA_041956445.1,Fungi;Ascomycota;Sordariomycetes;Sordariales;Chaetomiaceae;Thermothelomyces;Thermothelomyces myriococcoides,TRUE,1
GCA_022376545.1,Fungi;Basidiomycota;Agaricomycetes;Russulales;Russulaceae;Russula;Russula dissimulans,TRUE,1
GCA_022606215.1,Fungi;Basidiomycota;Agaricomycetes;Polyporales;Polyporaceae;Trametes;Trametes maxima,TRUE,1
GCA_020102295.1,Fungi;Ascomycota;Sordariomycetes;Hypocreales;Clavicipitaceae;Metarhizium;Metarhizium humberi,FALSE,0
GCA_042258205.1,Fungi;Ascomycota;Sordariomycetes;Microascales;Ceratocystidaceae;Ceratocystis;Ceratocystis pirilliformis,TRUE,1
GCA_019677385.1,Fungi;Basidiomycota;Agaricomycetes;Cantharellales;Ceratobasidiaceae;Ceratobasidium;Ceratobasidium sp. 392,TRUE,1
GCA_019616325.1,Fungi;Basidiomycota;Agaricomycetes;Cantharellales;Ceratobasidiaceae;Ceratobasidium;Ceratobasidium sp. 394,TRUE,1
GCA_019616345.1,Fungi;Basidiomycota;Agaricomycetes;Cantharellales;Ceratobasidiaceae;Ceratobasidium;Ceratobasidium sp. 395,FALSE,0
GCA_019616945.1,Fungi;Basidiomycota;Agaricomycetes;Cantharellales;Ceratobasidiaceae;Ceratobasidium;Ceratobasidium sp. 414,TRUE,1
GCA_019616915.1,Fungi;Basidiomycota;Agaricomycetes;Cantharellales;Ceratobasidiaceae;Ceratobasidium;Ceratobasidium sp. 423,FALSE,0
GCA_019623675.1,Fungi;Basidiomycota;Agaricomycetes;Sebacinales;Serendipitaceae;Serendipita;Serendipita sp. 398,FALSE,0
GCA_019627685.1,Fungi;Basidiomycota;Agaricomycetes;Sebacinales;Serendipitaceae;Serendipita;Serendipita sp. 399,TRUE,1
GCA_019627725.1,Fungi;Basidiomycota;Agaricomycetes;Sebacinales;Serendipitaceae;Serendipita;Serendipita sp. 401,FALSE,0
GCA_019627745.1,Fungi;Basidiomycota;Agaricomycetes;Sebacinales;Serendipitaceae;Serendipita;Serendipita sp. 405,FALSE,0
GCA_019632275.1,Fungi;Basidiomycota;Agaricomycetes;Cantharellales;Tulasnellaceae;Tulasnella;Tulasnella sp. 330,FALSE,0
GCA_019632265.1,Fungi;Basidiomycota;Agaricomycetes;Cantharellales;Tulasnellaceae;Tulasnella;Tulasnella sp. 331,FALSE,0
GCA_019633465.1,Fungi;Basidiomycota;Agaricomycetes;Cantharellales;Tulasnellaceae;Tulasnella;Tulasnella sp. 417,FALSE,0
GCA_019633455.1,Fungi;Basidiomycota;Agaricomycetes;Cantharellales;Tulasnellaceae;Tulasnella;Tulasnella sp. 419,TRUE,1
GCA_019633485.1,Fungi;Basidiomycota;Agaricomycetes;Cantharellales;Tulasnellaceae;Tulasnella;Tulasnella sp. 425,FALSE,0
GCA_019633535.1,Fungi;Basidiomycota;Agaricomycetes;Cantharellales;Tulasnellaceae;NA;Tulasnella sp. JGI-2019a,TRUE,1
GCA_019633595.1,Fungi;Basidiomycota;Agaricomycetes;Cantharellales;Tulasnellaceae;Tulasnella;Tulasnella sp. UAMH 9824,TRUE,1
GCF_902498895.1,Fungi;Ascomycota;Dipodascomycetes;Dipodascales;Dipodascaceae;Magnusiomyces;Magnusiomyces paraingens,FALSE,0
GCF_035222485.1,Fungi;Ascomycota;Sordariomycetes;Sordariales;Podosporaceae;Podospora;Podospora pseudoanserina,TRUE,1
GCA_027600675.1,Fungi;Chytridiomycota;Chytridiomycetes;Chytridiales;Chytridiaceae;Phlyctochytrium;Phlyctochytrium planicorne,TRUE,1
GCA_027604185.1,Fungi;Chytridiomycota;Chytridiomycetes;Rhizophydiales;Terramycetaceae;Boothiomyces;Boothiomyces macroporosus,FALSE,0
GCA_025201765.1,Fungi;Ascomycota;Sordariomycetes;Xylariales;Hypoxylaceae;Daldinia;Daldinia sp. FL1419,TRUE,1
GCA_022578955.1,Fungi;Ascomycota;Sordariomycetes;Xylariales;Hypoxylaceae;Hypoxylon;Hypoxylon sp. FL1857,TRUE,1
GCA_022578865.1,Fungi;Ascomycota;Sordariomycetes;Xylariales;Xylariaceae;Xylaria;Xylaria sp. FL0043,TRUE,1
GCA_022578815.1,Fungi;Ascomycota;Sordariomycetes;Xylariales;Xylariaceae;NA;Xylariaceae sp. FL0016,TRUE,1
GCA_022385605.1,Fungi;Ascomycota;Sordariomycetes;Xylariales;Xylariaceae;NA;Xylariaceae sp. FL0594,TRUE,1
GCA_025201745.1,Fungi;Ascomycota;Sordariomycetes;Xylariales;Xylariaceae;NA;Xylariaceae sp. FL1651,TRUE,1
GCA_021399465.1,Fungi;Ascomycota;Leotiomycetes;Helotiales;Hyaloscyphaceae;Hyaloscypha;Hyaloscypha sp. PMI_1271,TRUE,1
GCA_022432515.1,Fungi;Ascomycota;Sordariomycetes;Xylariales;Hypoxylaceae;Hypoxylon;Hypoxylon sp. NC0597,TRUE,1
GCA_022578715.1,Fungi;Ascomycota;Sordariomycetes;Xylariales;Xylariaceae;Nemania;Nemania sp. FL0916,TRUE,1
GCA_033297075.1,Fungi;Ascomycota;Sordariomycetes;Sordariales;Naviculisporaceae;Rhypophila;Rhypophila decipiens,TRUE,1
GCF_004022145.1,Fungi;Ascomycota;Eurotiomycetes;Eurotiales;Thermoascaceae;Paecilomyces;Paecilomyces variotii,TRUE,1
GCA_964035595.1,Fungi;Basidiomycota;Agaricomycetes;Polyporales;Cerrenaceae;Somion;Somion delectans,TRUE,3
GCA_016618355.2,Fungi;Basidiomycota;Agaricomycetes;Boletales;Astraeaceae;Astraeus;Astraeus odoratus,TRUE,1
GCA_022432365.1,Fungi;Ascomycota;Sordariomycetes;Xylariales;Hypoxylaceae;Hypoxylon;Hypoxylon sp. FL1284,TRUE,1
GCA_022432375.1,Fungi;Ascomycota;Sordariomycetes;Xylariales;Xylariaceae;Nemania;Nemania sp. FL0031,TRUE,1
GCA_022385685.1,Fungi;Ascomycota;Sordariomycetes;Xylariales;Xylariaceae;Xylaria;Xylaria sp. CBS 124048,TRUE,1
GCA_022593225.1,Fungi;Ascomycota;Sordariomycetes;Xylariales;Xylariaceae;Xylaria;Xylaria sp. FL0064,TRUE,1
GCA_027478835.1,Fungi;Zoopagomycota;Kickxellomycetes;Kickxellales;Kickxellaceae;Coemansia;Coemansia sp. RSA 25,FALSE,0
GCA_027578875.1,Fungi;Zoopagomycota;Kickxellomycetes;Kickxellales;Kickxellaceae;Coemansia;Coemansia sp. RSA 1286,TRUE,1
GCA_027578655.1,Fungi;Zoopagomycota;Kickxellomycetes;Kickxellales;Kickxellaceae;Coemansia;Coemansia sp. RSA 1694,TRUE,1
GCA_027577535.1,Fungi;Zoopagomycota;Kickxellomycetes;Kickxellales;Kickxellaceae;Coemansia;Coemansia sp. RSA 552,FALSE,0
GCA_027578135.1,Fungi;Zoopagomycota;Kickxellomycetes;Kickxellales;Kickxellaceae;Coemansia;Coemansia sp. RSA 2524,FALSE,0
GCA_027577315.1,Fungi;Zoopagomycota;Kickxellomycetes;Kickxellales;Kickxellaceae;Coemansia;Coemansia sp. RSA 921,TRUE,1
GCA_027578575.1,Fungi;Zoopagomycota;Kickxellomycetes;Kickxellales;Kickxellaceae;Coemansia;Coemansia sp. RSA 1853,TRUE,1
GCA_027577215.1,Fungi;Zoopagomycota;Kickxellomycetes;Kickxellales;Kickxellaceae;Coemansia;Coemansia sp. S155-1,FALSE,0
GCA_027577375.1,Fungi;Zoopagomycota;Kickxellomycetes;Kickxellales;Kickxellaceae;Coemansia;Coemansia sp. RSA 562,TRUE,1
GCA_027577395.1,Fungi;Zoopagomycota;Kickxellomycetes;Kickxellales;Kickxellaceae;Coemansia;Coemansia sp. RSA 560,FALSE,0
GCA_027577475.1,Fungi;Zoopagomycota;Kickxellomycetes;Kickxellales;Kickxellaceae;Coemansia;Coemansia sp. RSA 788,FALSE,0
GCA_027578635.1,Fungi;Zoopagomycota;Kickxellomycetes;Kickxellales;Kickxellaceae;Coemansia;Coemansia sp. RSA 1807,TRUE,1
GCA_027578435.1,Fungi;Zoopagomycota;Kickxellomycetes;Kickxellales;Kickxellaceae;Coemansia;Coemansia sp. RSA 1937,TRUE,1
GCA_027577995.1,Fungi;Zoopagomycota;Kickxellomycetes;Kickxellales;Kickxellaceae;Coemansia;Coemansia sp. RSA 2671,TRUE,1
GCA_027578415.1,Fungi;Zoopagomycota;Kickxellomycetes;Kickxellales;Kickxellaceae;Coemansia;Coemansia sp. RSA 1972,TRUE,1
GCA_027578935.1,Fungi;Zoopagomycota;Kickxellomycetes;Kickxellales;Kickxellaceae;Coemansia;Coemansia sp. RSA 1285,FALSE,0
GCA_027577975.1,Fungi;Zoopagomycota;Kickxellomycetes;Kickxellales;Kickxellaceae;Coemansia;Coemansia sp. RSA 2681,FALSE,0
GCA_027578315.1,Fungi;Zoopagomycota;Kickxellomycetes;Kickxellales;Kickxellaceae;Coemansia;Coemansia sp. RSA 2322,TRUE,1
GCA_027578255.1,Fungi;Zoopagomycota;Kickxellomycetes;Kickxellales;Kickxellaceae;Coemansia;Coemansia sp. RSA 2337,TRUE,1
GCA_027578035.1,Fungi;Zoopagomycota;Kickxellomycetes;Kickxellales;Kickxellaceae;Coemansia;Coemansia sp. RSA 2603,TRUE,1
GCA_027577255.1,Fungi;Zoopagomycota;Kickxellomycetes;Kickxellales;Kickxellaceae;Coemansia;Coemansia sp. S100,FALSE,0
GCA_027578215.1,Fungi;Zoopagomycota;Kickxellomycetes;Kickxellales;Kickxellaceae;Coemansia;Coemansia sp. RSA 455,TRUE,1
GCA_027577115.1,Fungi;Zoopagomycota;Kickxellomycetes;Kickxellales;Kickxellaceae;Coemansia;Coemansia sp. S680,TRUE,1
GCA_027577235.1,Fungi;Zoopagomycota;Kickxellomycetes;Kickxellales;Kickxellaceae;Coemansia;Coemansia sp. S142-1,FALSE,0
GCA_027577175.1,Fungi;Zoopagomycota;Kickxellomycetes;Kickxellales;Kickxellaceae;Coemansia;Coemansia sp. S146,TRUE,1
GCA_027579235.1,Fungi;Zoopagomycota;Kickxellomycetes;Kickxellales;Kickxellaceae;Coemansia;Coemansia sp. BCRC 34301,TRUE,1
GCA_027578075.1,Fungi;Zoopagomycota;Kickxellomycetes;Kickxellales;Kickxellaceae;Coemansia;Coemansia sp. RSA 2559,FALSE,0
GCA_024244035.1,Fungi;Microsporidia;NA;NA;NA;Nematocida;Nematocida sp. LUAm1,FALSE,0
GCA_024244025.1,Fungi;Microsporidia;NA;NA;NA;Nematocida;Nematocida sp. LUAm2,FALSE,0
GCA_024243985.1,Fungi;Microsporidia;NA;NA;NA;Nematocida;Nematocida sp. LUAm3,FALSE,0
GCA_024243935.1,Fungi;Microsporidia;NA;NA;NA;Nematocida;Nematocida sp. AWRm79,FALSE,0
GCF_020744385.1,Fungi;Ascomycota;Sordariomycetes;Hypocreales;Nectriaceae;Fusarium;Fusarium flagelliforme,TRUE,1
GCF_022114955.1,Fungi;Ascomycota;Sordariomycetes;Hypocreales;Bionectriaceae;Emericellopsis;Emericellopsis cladophorae,TRUE,1
GCA_013266265.1,Fungi;Ascomycota;Sordariomycetes;Hypocreales;Nectriaceae;Fusarium;Fusarium sp. NRRL 66182,TRUE,2
GCA_018127085.1,Fungi;Ascomycota;Pneumocystomycetes;Pneumocystales;Pneumocystaceae;Pneumocystis;Pneumocystis sp. 'macacae',FALSE,0
GCA_013138035.1,Fungi;Ascomycota;Eurotiomycetes;Eurotiales;Aspergillaceae;Penicillium;Penicillium sp. str. #12,TRUE,1
GCA_027596175.1,Fungi;Chytridiomycota;Chytridiomycetes;Chytridiales;Chytriomycetaceae;Rhizoclosmatium;Rhizoclosmatium hyalinum,FALSE,0
GCA_027596195.1,Fungi;Chytridiomycota;Chytridiomycetes;Chytridiales;Chytriomycetaceae;Podochytrium;Podochytrium sp. JEL0797,TRUE,2
GCA_027604245.1,Fungi;Chytridiomycota;Chytridiomycetes;Rhizophydiales;Terramycetaceae;Boothiomyces;Boothiomyces sp. JEL0838,FALSE,0
GCA_027604345.1,Fungi;Chytridiomycota;Chytridiomycetes;Rhizophydiales;Terramycetaceae;Boothiomyces;Boothiomyces sp. JEL0866,TRUE,1
GCA_018855915.1,Fungi;Basidiomycota;Agaricomycetes;Agaricales;Lyophyllaceae;Tephrocybe;Tephrocybe sp. NHM501043,TRUE,1
GCA_018854895.1,Fungi;Basidiomycota;Agaricomycetes;Agaricales;Tricholomataceae;Tricholoma;Tricholoma furcatifolium,TRUE,1
GCA_027604505.1,Fungi;Chytridiomycota;Monoblepharidomycetes;Monoblepharidales;Gonapodyaceae;Gonapodya;Gonapodya sp. JEL0774,FALSE,0
GCA_009613015.1,Fungi;Ascomycota;Leotiomycetes;Helotiales;Mollisiaceae;NA;Mollisiaceae sp. DMI_Dod_QoI,TRUE,1
GCF_002079055.1,Fungi;Ascomycota;Saccharomycetes;Saccharomycetales;Saccharomycetaceae;Saccharomyces;Saccharomyces paradoxus,TRUE,1
GCA_011022315.1,Fungi;Ascomycota;Saccharomycetes;Saccharomycetales;Saccharomycetaceae;Saccharomyces;Saccharomyces pastorianus,TRUE,2
GCA_964275045.1,Fungi;Ascomycota;Saccharomycetes;Saccharomycetales;Saccharomycetaceae;Monosporozyma;Monosporozyma unispora,TRUE,1
GCA_045282135.1,Fungi;Ascomycota;Saccharomycetes;Saccharomycetales;Saccharomycetaceae;Nakaseomyces;Nakaseomyces bracarensis,TRUE,1
GCA_026955015.1,Fungi;Chytridiomycota;Chytridiomycetes;Cladochytriales;Nowakowskiellaceae;Nowakowskiella;Nowakowskiella sp. JEL0078,FALSE,0
GCA_027604665.2,Fungi;Chytridiomycota;Chytridiomycetes;Rhizophydiales;NA;Polyrhizophydium;Polyrhizophydium stewartii,TRUE,1
GCF_019456465.1,Fungi;Ascomycota;Lecanoromycetes;Lecanorales;Ramalinaceae;Bacidia;Bacidia gigantensis,TRUE,1
GCA_022385805.1,Fungi;Basidiomycota;Agaricomycetes;Polyporales;Polyporaceae;Pilatotrama;Pilatotrama ljubarskyi,TRUE,1
GCA_910592055.1,Fungi;Mucoromycota;Glomeromycetes;Diversisporales;Acaulosporaceae;Acaulospora;Acaulospora colombiana,FALSE,0
GCA_910592005.1,Fungi;Mucoromycota;Glomeromycetes;Glomerales;Glomeraceae;Funneliformis;Funneliformis mosseae,FALSE,0
GCA_023101225.1,Fungi;Ascomycota;Sordariomycetes;Hypocreales;Nectriaceae;Fusarium;Fusarium solani-melongenae,FALSE,0
GCA_027578715.1,Fungi;Zoopagomycota;Kickxellomycetes;Kickxellales;Kickxellaceae;Coemansia;Coemansia sp. RSA 1290,TRUE,1
GCA_027579505.1,Fungi;Zoopagomycota;Kickxellomycetes;Kickxellales;Kickxellaceae;Coemansia;Coemansia guatemalensis,TRUE,1
GCA_027579115.1,Fungi;Zoopagomycota;Kickxellomycetes;Kickxellales;Kickxellaceae;Coemansia;Coemansia javaensis,TRUE,1
GCA_027579035.1,Fungi;Zoopagomycota;Kickxellomycetes;Kickxellales;Kickxellaceae;Coemansia;Coemansia sp. D1744,TRUE,1
GCA_027578495.1,Fungi;Zoopagomycota;Kickxellomycetes;Kickxellales;Kickxellaceae;Coemansia;Coemansia sp. RSA 2610,TRUE,1
GCA_027579135.1,Fungi;Zoopagomycota;Kickxellomycetes;Kickxellales;Kickxellaceae;Coemansia;Coemansia sp. RSA 1722,TRUE,1
GCA_027578695.1,Fungi;Zoopagomycota;Kickxellomycetes;Kickxellales;Kickxellaceae;Coemansia;Coemansia sp. RSA 1365,TRUE,1
GCA_027579215.1,Fungi;Zoopagomycota;Kickxellomycetes;Kickxellales;Kickxellaceae;Coemansia;Coemansia sp. BCRC 34490,FALSE,0
GCA_027578995.1,Fungi;Zoopagomycota;Kickxellomycetes;Kickxellales;Kickxellaceae;Coemansia;Coemansia sp. IMI 209128,TRUE,1
GCA_016946835.1,Fungi;Chytridiomycota;Neocallimastigomycetes;Neocallimastigales;Neocallimastigaceae;Neocallimastix;Neocallimastix lanati (nom. inval.),FALSE,0
GCA_017635955.1,Fungi;Ascomycota;Dipodascomycetes;Dipodascales;NA;Yarrowia;Yarrowia sp. B02,TRUE,1
GCA_017639385.1,Fungi;Ascomycota;Dipodascomycetes;Dipodascales;NA;Yarrowia;Yarrowia sp. C11,TRUE,1
GCA_017639365.1,Fungi;Ascomycota;Dipodascomycetes;Dipodascales;NA;Yarrowia;Yarrowia sp. E02,TRUE,1
GCA_036428585.1,Fungi;Basidiomycota;Tremellomycetes;Tremellales;Cryptococcaceae;Kwoniella;Kwoniella sp. CBS 9459,TRUE,1
GCA_036428645.1,Fungi;Basidiomycota;Tremellomycetes;Tremellales;Cryptococcaceae;Kwoniella;Kwoniella sp. DSM 27419,TRUE,1
GCA_903819635.1,Fungi;Ascomycota;Dothideomycetes;Dothideales;Saccotheciaceae;Aureobasidium;Aureobasidium vineae,TRUE,1
GCA_903853725.1,Fungi;Ascomycota;Dothideomycetes;Dothideales;Saccotheciaceae;Aureobasidium;Aureobasidium uvarum,TRUE,1
GCA_017911155.1,Fungi;Olpidiomycota;Olpidiomycetes;Olpidiales;Olpidiaceae;Olpidium;Olpidium bornovanus,FALSE,0
GCA_027604305.1,Fungi;Chytridiomycota;Chytridiomycetes;Chytridiales;NA;NA;Chytridiales sp. JEL 0842,FALSE,0
GCA_027577455.1,Fungi;Zoopagomycota;Kickxellomycetes;Kickxellales;Kickxellaceae;Coemansia;Coemansia sp. RSA 522,TRUE,1
GCA_027578755.1,Fungi;Zoopagomycota;Kickxellomycetes;Kickxellales;Kickxellaceae;Coemansia;Coemansia sp. RSA 1199,TRUE,1
GCA_027577495.1,Fungi;Zoopagomycota;Kickxellomycetes;Kickxellales;Kickxellaceae;Coemansia;Coemansia sp. RSA 720,TRUE,1
GCA_027578555.1,Fungi;Zoopagomycota;Kickxellomycetes;Kickxellales;Kickxellaceae;Coemansia;Coemansia sp. RSA 1813,TRUE,1
GCA_027577295.1,Fungi;Zoopagomycota;Kickxellomycetes;Kickxellales;Kickxellaceae;Coemansia;Coemansia sp. RSA 986,TRUE,1
GCA_027578735.1,Fungi;Zoopagomycota;Kickxellomycetes;Kickxellales;Kickxellaceae;Coemansia;Coemansia sp. RSA 1287,TRUE,1
GCA_027577855.1,Fungi;Zoopagomycota;Kickxellomycetes;Kickxellales;Kickxellaceae;Coemansia;Coemansia sp. RSA 353,TRUE,1
GCA_027578795.1,Fungi;Zoopagomycota;Kickxellomycetes;Kickxellales;Kickxellaceae;Coemansia;Coemansia sp. RSA 1797,TRUE,1
GCA_027577715.1,Fungi;Zoopagomycota;Kickxellomycetes;Kickxellales;Kickxellaceae;Coemansia;Coemansia sp. RSA 2706,TRUE,1
GCA_027578375.1,Fungi;Zoopagomycota;Kickxellomycetes;Kickxellales;Kickxellaceae;Coemansia;Coemansia sp. RSA 2131,TRUE,1
GCA_027577815.1,Fungi;Zoopagomycota;Kickxellomycetes;Kickxellales;Kickxellaceae;Coemansia;Coemansia sp. RSA 485,FALSE,0
GCA_027578775.1,Fungi;Zoopagomycota;Kickxellomycetes;Kickxellales;Kickxellaceae;Coemansia;Coemansia sp. RSA 1085,TRUE,1
GCA_027478255.1,Fungi;Zoopagomycota;Dimargaritomycetes;Dimargaritales;Dimargaritaceae;Dispira;Dispira simplex,TRUE,1
GCA_027578955.1,Fungi;Zoopagomycota;Kickxellomycetes;Kickxellales;Kickxellaceae;Coemansia;Coemansia sp. RSA 1250,FALSE,0
GCA_027578835.1,Fungi;Zoopagomycota;Kickxellomycetes;Kickxellales;Kickxellaceae;Coemansia;Coemansia sp. RSA 2050,TRUE,1
GCA_004916875.1,Fungi;Ascomycota;Leotiomycetes;Helotiales;Sclerotiniaceae;Botrytis;Botrytis galanthina,TRUE,1
GCA_004786225.1,Fungi;Ascomycota;Leotiomycetes;Helotiales;Sclerotiniaceae;Botryotinia;Botryotinia narcissicola,TRUE,1
GCF_030864355.1,Fungi;Basidiomycota;Tremellomycetes;Trichosporonales;Trichosporonaceae;Cutaneotrichosporon;Cutaneotrichosporon cavernicola,TRUE,1
GCA_016695485.1,Fungi;Basidiomycota;Agaricomycetes;Boletales;Suillaceae;Suillus;Suillus hirtellus,TRUE,1
GCA_027919855.1,Fungi;Basidiomycota;Agaricomycetes;Agaricales;Omphalotaceae;Lentinula;Lentinula guzmanii,TRUE,1
GCA_027886305.1,Fungi;Basidiomycota;Agaricomycetes;Agaricales;Omphalotaceae;Lentinula;Lentinula aff. lateritia,TRUE,1
GCA_027921405.1,Fungi;Basidiomycota;Agaricomycetes;Agaricales;Omphalotaceae;Lentinula;Lentinula detonsa,TRUE,1
GCA_033807495.1,Fungi;Mucoromycota;Mortierellomycetes;Mortierellales;Mortierellaceae;Benniella;Benniella sp.,TRUE,1
GCA_023758005.1,Fungi;Ascomycota;Dothideomycetes;Pleosporales;Pleosporaceae;Alternaria;Alternaria sp. BMP 0032,TRUE,1
GCA_027577345.1,Fungi;Zoopagomycota;Kickxellomycetes;Kickxellales;Kickxellaceae;Coemansia;Coemansia sp. RSA 637,TRUE,1
GCA_020747045.1,Fungi;Ascomycota;Dothideomycetes;Pleosporales;Phaeosphaeriaceae;Phaeosphaeria;Phaeosphaeria sp. MPI-PUGE-AT-0046c,TRUE,1
GCA_020726445.1,Fungi;Ascomycota;Sordariomycetes;Sordariales;Chaetomiaceae;Chaetomium;Chaetomium sp. MPI-SDFR-AT-0129,TRUE,1
GCA_013368555.1,Fungi;Basidiomycota;Agaricomycetes;Agaricales;Omphalotaceae;Collybiopsis;Collybiopsis confluens,TRUE,1
GCA_020744155.1,Fungi;Ascomycota;Sordariomycetes;Hypocreales;Nectriaceae;Ilyonectria;Ilyonectria sp. MPI-CAGE-AT-0026,TRUE,1
GCA_013266175.1,Fungi;Ascomycota;Sordariomycetes;Hypocreales;Nectriaceae;Fusarium;Fusarium gaditjirri,TRUE,1
GCA_020726505.1,Fungi;Ascomycota;Leotiomycetes;Helotiales;Leptodontidiaceae;Leptodontidium;Leptodontidium sp. MPI-SDFR-AT-0119,TRUE,1
GCA_020744335.1,Fungi;Ascomycota;Sordariomycetes;Hypocreales;Nectriaceae;Fusarium;Fusarium sp. MPI-SDFR-AT-0072,TRUE,1
GCA_022592435.1,Fungi;Basidiomycota;Agaricomycetes;Polyporales;Polyporaceae;Cerioporus;Cerioporus squamosus,TRUE,1
GCA_020800285.1,Fungi;Ascomycota;Sordariomycetes;Sordariales;Sordariaceae;Sordaria;Sordaria sp. MPI-SDFR-AT-0083,TRUE,1
GCA_019924955.1,Fungi;Ascomycota;Dothideomycetes;Dothideales;Saccotheciaceae;Aureobasidium;Aureobasidium sp. EXF-3399,TRUE,1
GCA_033296695.1,Fungi;Ascomycota;Sordariomycetes;Sordariales;Chaetomiaceae;Staphylotrichum;Staphylotrichum tortipilum,TRUE,1
GCA_028639655.1,Fungi;Ascomycota;Sordariomycetes;Glomerellales;Glomerellaceae;Colletotrichum;Colletotrichum sp. SAR 10_66,TRUE,1
GCA_025327165.1,Fungi;Ascomycota;Sordariomycetes;Glomerellales;Glomerellaceae;Colletotrichum;Colletotrichum sp. SAR 10_70,TRUE,1
GCA_025327135.1,Fungi;Ascomycota;Sordariomycetes;Glomerellales;Glomerellaceae;Colletotrichum;Colletotrichum sp. SAR 10_71,TRUE,1
GCA_025327155.1,Fungi;Ascomycota;Sordariomycetes;Glomerellales;Glomerellaceae;Colletotrichum;Colletotrichum sp. SAR 10_75,TRUE,1
GCA_025327145.1,Fungi;Ascomycota;Sordariomycetes;Glomerellales;Glomerellaceae;Colletotrichum;Colletotrichum sp. SAR 10_76,TRUE,1
GCA_025330015.1,Fungi;Ascomycota;Sordariomycetes;Glomerellales;Glomerellaceae;Colletotrichum;Colletotrichum sp. SAR 10_77,TRUE,1
GCA_027595785.1,Fungi;Zoopagomycota;Kickxellomycetes;Kickxellales;Kickxellaceae;Coemansia;Coemansia sp. RSA 1086,TRUE,1
GCA_027595765.1,Fungi;Zoopagomycota;Kickxellomycetes;Kickxellales;Kickxellaceae;Coemansia;Coemansia sp. RSA 1821,TRUE,1
GCA_027575385.1,Fungi;Zoopagomycota;Kickxellomycetes;Kickxellales;Kickxellaceae;Coemansia;Coemansia sp. RSA 2399,TRUE,1
GCA_027575355.1,Fungi;Zoopagomycota;Kickxellomycetes;Kickxellales;Kickxellaceae;Coemansia;Coemansia sp. RSA 2598,TRUE,1
GCA_027575325.1,Fungi;Zoopagomycota;Kickxellomycetes;Kickxellales;Kickxellaceae;Coemansia;Coemansia sp. RSA 2675,TRUE,1
GCA_027575745.1,Fungi;Zoopagomycota;Kickxellomycetes;Kickxellales;Kickxellaceae;Coemansia;Coemansia sp. RSA 2703,TRUE,2
GCA_027575305.1,Fungi;Zoopagomycota;Kickxellomycetes;Kickxellales;Kickxellaceae;Coemansia;Coemansia sp. RSA 2708,TRUE,1
GCA_905066765.1,Fungi;Ascomycota;Leotiomycetes;Helotiales;Sclerotiniaceae;Sclerotinia;Sclerotinia trifoliorum,TRUE,1
GCF_041956625.1,Fungi;Ascomycota;Eurotiomycetes;Eurotiales;Trichocomaceae;Thermomyces;Thermomyces dupontii,TRUE,1
GCA_000985935.1,Fungi;Ascomycota;Eurotiomycetes;Eurotiales;Trichocomaceae;Talaromyces;Talaromyces islandicus,TRUE,1
GCA_026026355.1,Fungi;Ascomycota;NA;NA;NA;Sarcosagium;Sarcosagium campestre,TRUE,1
GCA_022814355.1,Fungi;Ascomycota;Lecanoromycetes;Acarosporales;Acarosporaceae;Acarospora;Acarospora aff. strigata,FALSE,0
GCA_022627095.1,Fungi;Ascomycota;Sordariomycetes;Hypocreales;Nectriaceae;Fusarium;Fusarium sp. FIESC RH6,TRUE,1
GCA_022627125.1,Fungi;Ascomycota;Sordariomycetes;Hypocreales;Nectriaceae;Fusarium;Fusarium chuoi,TRUE,1
GCA_024195465.1,Fungi;Ascomycota;Dothideomycetes;Dothideales;Saccotheciaceae;Aureobasidium;Aureobasidium sp. EXF-8845,TRUE,2
GCA_024195555.1,Fungi;Ascomycota;Dothideomycetes;Dothideales;Saccotheciaceae;Aureobasidium;Aureobasidium sp. EXF-12298,TRUE,2
GCA_024195545.1,Fungi;Ascomycota;Dothideomycetes;Dothideales;Saccotheciaceae;Aureobasidium;Aureobasidium sp. EXF-12344,TRUE,2
GCA_023848595.1,Fungi;Ascomycota;Dothideomycetes;Dothideales;Saccotheciaceae;Aureobasidium;Aureobasidium sp. EXF-10727,TRUE,1
GCA_023848605.1,Fungi;Ascomycota;Dothideomycetes;Dothideales;Saccotheciaceae;Aureobasidium;Aureobasidium sp. EXF-10728,TRUE,1
GCA_030708105.1,Fungi;Ascomycota;Sordariomycetes;Hypocreales;Hypocreaceae;Trichoderma;Trichoderma sp. CBMAI-0711,TRUE,1
GCA_012980535.1,Fungi;Basidiomycota;Agaricomycetes;Agaricales;Pleurotaceae;Pleurotus;Pleurotus pulmonarius,TRUE,1
GCA_035927985.1,Fungi;Ascomycota;Dothideomycetes;Mycosphaerellales;Teratosphaeriaceae;Oleoguttula;Oleoguttula sp. CCFEE 6159,TRUE,1
GCA_035928255.1,Fungi;Ascomycota;Eurotiomycetes;Chaetothyriales;Herpotrichiellaceae;Exophiala;Exophiala sp. CCFEE 6169,TRUE,1
GCA_033119285.1,Fungi;Ascomycota;Dothideomycetes;Mycosphaerellales;Teratosphaeriaceae;NA;Teratosphaeriaceae sp. CCFEE 6253,TRUE,2
GCA_017607445.1,Fungi;Ascomycota;Eurotiomycetes;Onygenales;Ajellomycetaceae;Histoplasma;Histoplasma ohiense (nom. inval.),TRUE,1
GCA_023646395.1,Fungi;Ascomycota;Lecanoromycetes;Teloschistales;Teloschistaceae;Xanthoria;Xanthoria sp. 1 TBL-2021,TRUE,1
GCA_023646365.1,Fungi;Ascomycota;Lecanoromycetes;Teloschistales;Teloschistaceae;Xanthomendoza;Xanthomendoza cf. fulva,TRUE,1
GCA_023647215.1,Fungi;Ascomycota;Lecanoromycetes;Teloschistales;Teloschistaceae;Xanthoria;Xanthoria sp. 2 TBL-2021,TRUE,1
GCF_038363925.1,Fungi;Ascomycota;Sordariomycetes;Xylariales;Apiosporaceae;Apiospora;Apiospora phragmitis,TRUE,1
GCA_023646075.1,Fungi;Ascomycota;Lecanoromycetes;Teloschistales;Teloschistaceae;Xanthoria;Xanthoria steineri,TRUE,1
GCA_027579765.1,Fungi;Basidiomycota;Agaricomycetes;Agaricales;Psathyrellaceae;Candolleomyces;Candolleomyces efflorescens,TRUE,1
GCA_022814255.1,Fungi;Ascomycota;Lecanoromycetes;NA;NA;Bachmanniomyces;Bachmanniomyces sp. S44760,FALSE,0
GCA_022814085.1,Fungi;Ascomycota;Lecanoromycetes;Lecanorales;NA;Puttea;Puttea exsequens,FALSE,0
GCA_022814235.1,Fungi;Ascomycota;Lecanoromycetes;Trapeliales;Trapeliaceae;Lignoscripta;Lignoscripta atroalba,FALSE,0
GCA_030142185.1,Fungi;Ascomycota;Eurotiomycetes;Eurotiales;Aspergillaceae;Penicillium;Penicillium thymicola,TRUE,1
GCA_026027345.1,Fungi;Ascomycota;Dothideomycetes;Trypetheliales;Trypetheliaceae;Bogoriella;Bogoriella megaspora,TRUE,1
GCA_026026785.1,Fungi;Ascomycota;Lecanoromycetes;NA;NA;Piccolia;Piccolia ochrophora,TRUE,1
GCF_002954075.1,Fungi;Basidiomycota;Tremellomycetes;Tremellales;Cryptococcaceae;Cryptococcus;Cryptococcus deuterogattii,TRUE,1
GCA_027946365.1,Fungi;Ascomycota;Dothideomycetes;Pleosporales;Didymosphaeriaceae;Kalmusia;Kalmusia sp. IMI 367209,TRUE,1
GCF_028829585.1,Fungi;Ascomycota;Eurotiomycetes;Eurotiales;Aspergillaceae;Penicillium;Penicillium vulpinum,TRUE,1
GCA_040256725.1,Fungi;Mucoromycota;Mucoromycetes;Mucorales;Mucoraceae;Mucor;Mucor lusitanicus,TRUE,1
GCA_028828895.1,Fungi;Ascomycota;Eurotiomycetes;Eurotiales;Aspergillaceae;Penicillium;Penicillium sp. IBT 35674x,TRUE,1
GCA_025504975.1,Fungi;Ascomycota;Dothideomycetes;Pleosporales;Leptosphaeriaceae;Plenodomus;Plenodomus lindquistii,TRUE,1
GCA_029542825.1,Fungi;Basidiomycota;Malasseziomycetes;Malasseziales;Malasseziaceae;Malassezia;Malassezia sp. CBS 17886,TRUE,1
GCA_033297225.1,Fungi;Ascomycota;Sordariomycetes;Sordariales;Diplogelasinosporaceae;Diplogelasinospora;Diplogelasinospora grovesii,TRUE,1
GCA_035521475.1,Fungi;Basidiomycota;Tremellomycetes;Tremellales;NA;NA;Tremellales sp. Uapishka_1,TRUE,1
GCA_035521555.1,Fungi;Ascomycota;Lecanoromycetes;NA;NA;NA;Lecanoromycetidae sp. Uapishka_2,FALSE,0
GCA_035521515.1,Fungi;Basidiomycota;Microbotryomycetes;Kriegeriales;Kriegeriaceae;Phenoliferia;Phenoliferia sp. Uapishka_3,FALSE,0
GCF_021821965.1,Fungi;Microsporidia;NA;NA;Ordosporidae;Ordospora;Ordospora pajunii,FALSE,0
GCA_033725935.1,Fungi;Ascomycota;Sordariomycetes;Sordariales;Podosporaceae;Cladorrhinum;Cladorrhinum sp. PSN259,TRUE,1
GCA_954870535.1,Fungi;Ascomycota;Sordariomycetes;Hypocreales;Nectriaceae;Fusarium;Fusarium sp. VM40,TRUE,1
GCA_015039395.1,Fungi;Basidiomycota;Agaricomycetes;Cantharellales;Ceratobasidiaceae;Ceratobasidium;Ceratobasidium sp. AG-I,TRUE,1
GCA_024721195.1,Fungi;Basidiomycota;Agaricomycetes;Agaricales;Marasmiaceae;Marasmius;Marasmius sp. AFHP31,TRUE,1
GCF_000143365.1,Fungi;Ascomycota;Sordariomycetes;Sordariales;Chaetomiaceae;Chaetomium;Chaetomium globosum,TRUE,1
GCA_900080155.1,Fungi;Basidiomycota;Ustilaginomycetes;Ustilaginales;Ustilaginaceae;Ustilago;Ustilago bromivora,TRUE,1
GCA_040256855.1,Fungi;Ascomycota;Saccharomycetes;Saccharomycodales;Saccharomycodaceae;Hanseniaspora;Hanseniaspora menglaensis,TRUE,1
GCA_015679535.1,Fungi;Mucoromycota;Mortierellomycetes;Mortierellales;Mortierellaceae;Podila;Podila horticola,TRUE,1
GCA_033675105.1,Fungi;Ascomycota;Sordariomycetes;Sordariales;Podosporaceae;Podospora;Podospora appendiculata,TRUE,1
GCA_028828275.1,Fungi;Ascomycota;Eurotiomycetes;Eurotiales;Aspergillaceae;Penicillium;Penicillium frequentans,TRUE,1
GCA_000814975.1,Fungi;Ascomycota;Sordariomycetes;Hypocreales;Clavicipitaceae;Metarhizium;Metarhizium hybridum,TRUE,1
GCA_026024515.1,Fungi;Ascomycota;Geoglossomycetes;Geoglossales;Geoglossaceae;Geoglossum;Geoglossum umbratile,TRUE,1
GCF_000146915.1,Fungi;Ascomycota;Dothideomycetes;Pleosporales;Phaeosphaeriaceae;Parastagonospora;Parastagonospora nodorum,TRUE,1
GCA_012184315.1,Fungi;Ascomycota;Orbiliomycetes;Orbiliales;Orbiliaceae;Arthrobotrys;Arthrobotrys entomopaga,TRUE,1
GCF_000209165.1,Fungi;Ascomycota;Pichiomycetes;Serinales;Debaryomycetaceae;Scheffersomyces;Scheffersomyces stipitis,TRUE,1
GCA_022495195.1,Fungi;Ascomycota;Sordariomycetes;Xylariales;Xylariaceae;Xylaria;Xylaria digitata,TRUE,1
GCA_011057905.1,Fungi;Ascomycota;Sordariomycetes;Xylariales;Xylariaceae;Xylaria;Xylaria multiplex,TRUE,1
GCF_008694065.1,Fungi;Ascomycota;Sordariomycetes;Xylariales;Hypoxylaceae;Daldinia;Daldinia childiae,TRUE,1
GCF_022478715.1,Fungi;Ascomycota;Sordariomycetes;Xylariales;Hypoxylaceae;Daldinia;Daldinia decipiens,TRUE,1
GCA_022578845.1,Fungi;Ascomycota;Sordariomycetes;Xylariales;Hypoxylaceae;Hypoxylon;Hypoxylon cercidicola,TRUE,1
GCA_022578875.1,Fungi;Ascomycota;Sordariomycetes;Xylariales;Hypoxylaceae;Hypoxylon;Hypoxylon crocopeplum,TRUE,1
GCF_022578975.1,Fungi;Ascomycota;Sordariomycetes;Xylariales;Hypoxylaceae;Hypoxylon;Hypoxylon trugodes,TRUE,1
GCF_022495145.1,Fungi;Ascomycota;Sordariomycetes;Xylariales;Xylariaceae;Xylaria;Xylaria bambusicola,TRUE,1
GCA_005059865.1,Fungi;Ascomycota;Dothideomycetes;Mycosphaerellales;Teratosphaeriaceae;Friedmanniomyces;Friedmanniomyces simplex,FALSE,0
GCA_030411845.1,Fungi;Ascomycota;Dothideomycetes;Mycosphaerellales;Teratosphaeriaceae;Friedmanniomyces;Friedmanniomyces endolithicus,TRUE,1
GCF_000002655.1,Fungi;Ascomycota;Eurotiomycetes;Eurotiales;Aspergillaceae;Aspergillus;Aspergillus fumigatus,TRUE,1
GCA_005059845.1,Fungi;Ascomycota;Dothideomycetes;NA;NA;Cryomyces;Cryomyces minteri,FALSE,0
GCF_023168085.1,Fungi;Ascomycota;Sordariomycetes;Hypocreales;Ophiocordycipitaceae;Purpureocillium;Purpureocillium lilacinum,TRUE,1
GCF_000149555.1,Fungi;Ascomycota;Sordariomycetes;Hypocreales;Nectriaceae;Fusarium;Fusarium verticillioides,TRUE,1
GCA_038363915.1,Fungi;Ascomycota;Sordariomycetes;Xylariales;Apiosporaceae;Apiospora;Apiospora saccharicola,TRUE,1
GCF_038362705.1,Fungi;Ascomycota;Sordariomycetes;Xylariales;Apiosporaceae;Apiospora;Apiospora aurea,TRUE,1
GCF_038362585.1,Fungi;Ascomycota;Sordariomycetes;Xylariales;Apiosporaceae;Apiospora;Apiospora marii,TRUE,1
GCA_039105305.1,Fungi;Ascomycota;Sordariomycetes;Xylariales;Apiosporaceae;Apiospora;Apiospora arundinis,TRUE,1
GCF_000219625.1,Fungi;Ascomycota;Dothideomycetes;Mycosphaerellales;Mycosphaerellaceae;Zymoseptoria;Zymoseptoria tritici,TRUE,1
GCF_000003515.1,Fungi;Ascomycota;Eurotiomycetes;Onygenales;Onygenaceae;Uncinocarpus;Uncinocarpus reesii,TRUE,1
GCA_024516155.1,Fungi;Ascomycota;Pezizomycetes;Pezizales;Pyronemataceae;Pyronema;Pyronema omphalodes,TRUE,1
GCA_030247915.1,Fungi;Ascomycota;Eurotiomycetes;Chaetothyriales;NA;Neophaeococcomyces;Neophaeococcomyces mojaviensis,TRUE,1
GCA_030247885.1,Fungi;Ascomycota;Dothideomycetes;Dothideales;NA;Taxawa;Taxawa tesnikishii,TRUE,1
GCF_001662655.1,Fungi;Ascomycota;Leotiomycetes;Thelebolales;Thelebolaceae;Pseudogymnoascus;Pseudogymnoascus verrucosus,TRUE,1
GCA_032988895.1,Fungi;Ascomycota;Sordariomycetes;Glomerellales;Glomerellaceae;Colletotrichum;Colletotrichum kahawae,TRUE,1
GCF_022264815.1,Fungi;Basidiomycota;Agaricomycetes;Polyporales;Fomitopsidaceae;Rhodofomes;Rhodofomes roseus,FALSE,0
GCA_014839935.2,Fungi;Zoopagomycota;Entomophthoromycetes;Entomophthorales;Entomophthoraceae;Entomophthora;Entomophthora muscae,TRUE,4
GCA_013054445.1,Fungi;Ascomycota;Leotiomycetes;Helotiales;Tricladiaceae;Cudoniella;Cudoniella acicularis,TRUE,1
GCF_030913505.1,Fungi;Ascomycota;Sordariomycetes;Glomerellales;Glomerellaceae;Colletotrichum;Colletotrichum phormii,TRUE,1
GCF_019609905.1,Fungi;Ascomycota;Sordariomycetes;Hypocreales;Nectriaceae;Fusarium;Fusarium poae,TRUE,1
GCA_015039435.1,Fungi;Basidiomycota;Agaricomycetes;Boletales;Boletaceae;Imleria;Imleria badia,TRUE,1
GCA_042464655.1,Fungi;Ascomycota;Lecanoromycetes;Lecanorales;Stereocaulaceae;Stereocaulon;Stereocaulon virgatum,TRUE,1
GCA_022160335.1,Fungi;Basidiomycota;Agaricomycetes;Polyporales;Irpicaceae;Irpex;Irpex rosettiformis,TRUE,1
GCA_015501065.1,Fungi;Basidiomycota;Agaricomycetes;Agaricales;NA;Infundibulicybe;Infundibulicybe gibba,TRUE,1
GCA_017301755.1,Fungi;Ascomycota;Pneumocystomycetes;Pneumocystales;Pneumocystaceae;Pneumocystis;Pneumocystis wakefieldiae,FALSE,0
GCA_025526955.1,Fungi;Chytridiomycota;Chytridiomycetes;Rhizophydiales;Gorgonomycetaceae;Gorgonomyces;Gorgonomyces haynaldii,TRUE,1
GCA_025399215.1,Fungi;Chytridiomycota;Chytridiomycetes;Rhizophydiales;Globomycetaceae;Globomyces;Globomyces pollinis-pini,TRUE,1
GCF_000340215.1,Fungi;Ascomycota;Dothideomycetes;Mycosphaerellales;Mycosphaerellaceae;Pseudocercospora;Pseudocercospora fijiensis,TRUE,1
GCA_022814175.1,Fungi;Ascomycota;Lecanoromycetes;Sarrameanales;Sarrameanaceae;Loxospora;Loxospora ochrophaea,FALSE,0
GCA_900000165.1,Fungi;Basidiomycota;Exobasidiomycetes;Ceraceosorales;Ceraceosoraceae;Ceraceosorus;Ceraceosorus bombacis,TRUE,1
GCF_000149845.2,Fungi;Ascomycota;Schizosaccharomycetes;Schizosaccharomycetales;Schizosaccharomycetaceae;Schizosaccharomyces;Schizosaccharomyces japonicus,TRUE,1
GCF_000988165.1,Fungi;Microsporidia;NA;NA;Nosematidae;Vairimorpha;Vairimorpha ceranae,FALSE,0
GCA_022606135.1,Fungi;Basidiomycota;Agaricomycetes;Polyporales;Polyporaceae;Fomes;Fomes fomentarius,TRUE,1
GCA_027886635.1,Fungi;Basidiomycota;Agaricomycetes;Agaricales;Omphalotaceae;Lentinula;Lentinula boryana,TRUE,1
GCA_022376555.1,Fungi;Basidiomycota;Agaricomycetes;Russulales;Russulaceae;Russula;Russula compacta,TRUE,1
GCF_028827395.1,Fungi;Ascomycota;Eurotiomycetes;Eurotiales;Aspergillaceae;Penicillium;Penicillium hordei,TRUE,1
GCF_002237265.1,Fungi;Ascomycota;Eurotiomycetes;Eurotiales;Aspergillaceae;Aspergillus;Aspergillus thermomutatus,TRUE,1
GCA_009176345.1,Fungi;Ascomycota;Eurotiomycetes;Eurotiales;Aspergillaceae;Aspergillus;Aspergillus leporis,TRUE,2
GCF_002847045.1,Fungi;Ascomycota;Eurotiomycetes;Eurotiales;Aspergillaceae;Aspergillus;Aspergillus candidus,TRUE,1
GCF_000170995.1,Fungi;Ascomycota;Sordariomycetes;Hypocreales;Hypocreaceae;Trichoderma;Trichoderma virens,TRUE,1
GCF_028974205.1,Fungi;Ascomycota;Eurotiomycetes;Eurotiales;Aspergillaceae;Penicillium;Penicillium antarcticum,TRUE,1
GCA_025766305.1,Fungi;Zoopagomycota;Kickxellomycetes;Kickxellales;Kickxellaceae;Coemansia;Coemansia spiralis,TRUE,1
GCA_025688805.1,Fungi;Ascomycota;Eurotiomycetes;Eurotiales;Aspergillaceae;Aspergillus;Aspergillus egyptiacus,TRUE,1
GCA_016098165.1,Fungi;Mucoromycota;Mortierellomycetes;Mortierellales;Mortierellaceae;Mortierella;Mortierella polycephala,TRUE,1
GCF_000149925.1,Fungi;Basidiomycota;Pucciniomycetes;Pucciniales;Pucciniaceae;Puccinia;Puccinia graminis,TRUE,1
GCA_003070745.1,Fungi;Ascomycota;Pezizomycetes;Pezizales;Tuberaceae;Tuber;Tuber borchii,TRUE,1
GCA_027921425.1,Fungi;Basidiomycota;Agaricomycetes;Agaricales;Omphalotaceae;Lentinula;Lentinula novae-zelandiae,TRUE,1
GCF_023758075.1,Fungi;Ascomycota;Dothideomycetes;Pleosporales;Pleosporaceae;Alternaria;Alternaria novae-zelandiae,TRUE,1
GCA_030411725.1,Fungi;Ascomycota;Sordariomycetes;Sordariales;Schizotheciaceae;Echria;Echria macrotheca,TRUE,1
GCA_013305925.1,Fungi;Ascomycota;Dipodascomycetes;Dipodascales;Dipodascaceae;Geotrichum;Geotrichum reessii,TRUE,1
GCF_038497935.1,Fungi;Ascomycota;Lipomycetes;Lipomycetales;Lipomycetaceae;Dipodascopsis;Dipodascopsis tothii,TRUE,1
GCF_018416015.2,Fungi;Ascomycota;Eurotiomycetes;Onygenales;Onygenaceae;Coccidioides;Coccidioides posadasii,TRUE,1
GCA_022814335.1,Fungi;Ascomycota;Lecanoromycetes;Pertusariales;Pertusariaceae;Agyrium;Agyrium rufum,FALSE,0
GCA_016758895.1,Fungi;Mucoromycota;Umbelopsidomycetes;Umbelopsidales;Umbelopsidaceae;Umbelopsis;Umbelopsis vinacea,TRUE,1
GCA_027604065.1,Fungi;Chytridiomycota;Chytridiomycetes;Lobulomycetales;Lobulomycetaceae;Clydaea;Clydaea vesicula,FALSE,0
GCF_012971845.1,Fungi;Ascomycota;Dothideomycetes;Botryosphaeriales;Botryosphaeriaceae;Lasiodiplodia;Lasiodiplodia theobromae,TRUE,1
GCA_021436925.2,Fungi;Ascomycota;Dothideomycetes;Botryosphaeriales;Botryosphaeriaceae;Neofusicoccum;Neofusicoccum ribis,TRUE,1
GCF_001548555.1,Fungi;Ascomycota;Saccharomycetes;Saccharomycetales;Saccharomycetaceae;Eremothecium;Eremothecium sinecaudum,FALSE,0
GCF_024043175.1,Fungi;Ascomycota;Dothideomycetes;Pleosporales;Pleosporaceae;Alternaria;Alternaria infectoria,TRUE,1
GCA_900106115.1,Fungi;Ascomycota;Pichiomycetes;Serinales;Metschnikowiaceae;Sungouiella;Sungouiella intermedia,TRUE,1
GCF_019049425.1,Fungi;Ascomycota;Pichiomycetes;Serinales;Debaryomycetaceae;Scheffersomyces;Scheffersomyces spartinae,TRUE,1
GCF_016906535.1,Fungi;Basidiomycota;Agaricomycetes;Cantharellales;Ceratobasidiaceae;Rhizoctonia;Rhizoctonia solani,FALSE,0
GCA_026023795.1,Fungi;Ascomycota;Candelariomycetes;Candelariales;Candelariaceae;Candelina;Candelina submexicana,TRUE,1
GCA_030407055.1,Fungi;Basidiomycota;Agaricomycetes;Agaricales;Physalacriaceae;Armillaria;Armillaria mellea,TRUE,1
GCA_030407005.1,Fungi;Basidiomycota;Agaricomycetes;Agaricales;Physalacriaceae;Desarmillaria;Desarmillaria ectypa,TRUE,1
GCF_011800055.1,Fungi;Ascomycota;Sordariomycetes;Glomerellales;Glomerellaceae;Colletotrichum;Colletotrichum gloeosporioides,TRUE,1
GCA_013396025.1,Fungi;Ascomycota;Sordariomycetes;Hypocreales;Nectriaceae;Fusarium;Fusarium phyllophilum,TRUE,1
GCA_022160305.1,Fungi;Basidiomycota;Agaricomycetes;Russulales;Auriscalpiaceae;Artomyces;Artomyces pyxidatus,TRUE,1
GCF_042100115.1,Fungi;Ascomycota;Dothideomycetes;Pleosporales;Pleosporaceae;Alternaria;Alternaria dauci,TRUE,1
GCA_027604105.1,Fungi;Chytridiomycota;Chytridiomycetes;Chytridiales;Chytriomycetaceae;Chytriomyces;Chytriomyces hyalinus,TRUE,1
GCF_000150505.1,Fungi;Ascomycota;Schizosaccharomycetes;Schizosaccharomycetales;Schizosaccharomycetaceae;Schizosaccharomyces;Schizosaccharomyces octosporus,TRUE,1
GCA_013364935.1,Fungi;Ascomycota;Sordariomycetes;Hypocreales;Nectriaceae;Fusarium;Fusarium anthophilum,TRUE,1
GCA_013395995.1,Fungi;Ascomycota;Sordariomycetes;Hypocreales;Nectriaceae;Fusarium;Fusarium pseudoanthophilum,TRUE,1
GCA_025331445.1,Fungi;Mucoromycota;Mucoromycetes;Mucorales;Choanephoraceae;Blakeslea;Blakeslea trispora,TRUE,1
GCA_016695465.1,Fungi;Basidiomycota;Agaricomycetes;Boletales;Suillaceae;Suillus;Suillus americanus,TRUE,1
GCA_016695475.1,Fungi;Basidiomycota;Agaricomycetes;Boletales;Suillaceae;Suillus;Suillus decipiens,TRUE,1
GCA_016647645.1,Fungi;Basidiomycota;Agaricomycetes;Boletales;Suillaceae;Suillus;Suillus variegatus,TRUE,1
GCA_016767475.1,Fungi;Basidiomycota;Agaricomycetes;Boletales;Suillaceae;Suillus;Suillus weaverae,TRUE,1
GCA_025766245.1,Fungi;Zoopagomycota;Kickxellomycetes;Kickxellales;Kickxellaceae;Coemansia;Coemansia mojavensis,TRUE,1
GCA_027576915.1,Fungi;Zoopagomycota;Kickxellomycetes;Kickxellales;Kickxellaceae;Dipsacomyces;Dipsacomyces acuminosporus,TRUE,1
GCA_027575855.1,Fungi;Zoopagomycota;Kickxellomycetes;Kickxellales;Kickxellaceae;Linderina;Linderina macrospora,TRUE,1
GCA_009809945.1,Fungi;Mucoromycota;Glomeromycetes;Diversisporales;Gigasporaceae;Gigaspora;Gigaspora margarita,TRUE,1
GCF_000002945.2,Fungi;Ascomycota;Schizosaccharomycetes;Schizosaccharomycetales;Schizosaccharomycetaceae;Schizosaccharomyces;Schizosaccharomyces pombe,TRUE,1
GCA_022984845.1,Fungi;Ascomycota;Sordariomycetes;Xylariales;Xylariaceae;Xylaria;Xylaria nigripes,FALSE,0
GCF_003054445.1,Fungi;Ascomycota;Pichiomycetes;Pichiales;Pichiaceae;Pichia;Pichia kudriavzevii,TRUE,1
GCA_022385655.1,Fungi;Ascomycota;Sordariomycetes;Xylariales;Xylariaceae;Xylaria;Xylaria intraflava,TRUE,1
GCA_001708105.1,Fungi;Ascomycota;Pichiomycetes;Pichiales;Pichiaceae;Komagataella;Komagataella pastoris,FALSE,0
GCF_000026365.1,Fungi;Ascomycota;Saccharomycetes;Saccharomycetales;Saccharomycetaceae;Zygosaccharomyces;Zygosaccharomyces rouxii,TRUE,1
GCF_025882075.1,Fungi;Basidiomycota;Tremellomycetes;Tremellales;Bulleribasidiaceae;Dioszegia;Dioszegia hungarica,TRUE,1
GCF_003013715.1,Fungi;Ascomycota;Pichiomycetes;Serinales;Metschnikowiaceae;Candidozyma;Candidozyma auris,TRUE,1
GCF_000150675.1,Fungi;Ascomycota;Sordariomycetes;Glomerellales;Plectosphaerellaceae;Verticillium;Verticillium dahliae,TRUE,1
GCF_013426205.1,Fungi;Ascomycota;Sordariomycetes;Hypocreales;Clavicipitaceae;Metarhizium;Metarhizium brunneum,TRUE,1
GCF_011074885.1,Fungi;Ascomycota;Pichiomycetes;Pichiales;Pichiaceae;Brettanomyces;Brettanomyces bruxellensis,TRUE,1
GCF_022343315.1,Fungi;Ascomycota;Dothideomycetes;Pleosporales;Leptosphaeriaceae;Plenodomus;Plenodomus lingam,TRUE,1
GCF_000150705.2,Fungi;Ascomycota;Eurotiomycetes;Onygenales;Ajellomycetaceae;Paracoccidioides;Paracoccidioides lutzii,TRUE,1
GCF_000150735.1,Fungi;Ascomycota;Eurotiomycetes;Onygenales;Ajellomycetaceae;Paracoccidioides;Paracoccidioides brasiliensis,TRUE,1
GCA_041956615.1,Fungi;Ascomycota;Eurotiomycetes;Onygenales;Malbrancheaceae;Malbranchea;Malbranchea cinnamomea,TRUE,1
GCF_000002855.4,Fungi;Ascomycota;Eurotiomycetes;Eurotiales;Aspergillaceae;Aspergillus;Aspergillus niger,TRUE,1
GCF_013340325.1,Fungi;Ascomycota;Eurotiomycetes;Eurotiales;Aspergillaceae;Aspergillus;Aspergillus tubingensis,TRUE,1
GCF_028828765.1,Fungi;Ascomycota;Eurotiomycetes;Eurotiales;Aspergillaceae;Penicillium;Penicillium canescens,TRUE,1
GCF_000213175.1,Fungi;Ascomycota;Sordariomycetes;Sordariales;Sordariaceae;Neurospora;Neurospora tetrasperma,TRUE,1
GCF_030347475.1,Fungi;Ascomycota;Leotiomycetes;Helotiales;Ploettnerulaceae;Cadophora;Cadophora gregata,TRUE,1
GCA_041870755.1,Fungi;Ascomycota;Sordariomycetes;Hypocreales;Nectriaceae;Fusarium;Fusarium sambucinum,TRUE,1
GCA_024244165.1,Fungi;Ascomycota;Eurotiomycetes;Onygenales;Ascosphaeraceae;Ascosphaera;Ascosphaera acerosa,FALSE,0
GCA_024244615.1,Fungi;Ascomycota;Eurotiomycetes;Onygenales;Ascosphaeraceae;Ascosphaera;Ascosphaera pollenicola,TRUE,1
GCF_000226545.1,Fungi;Ascomycota;Sordariomycetes;Sordariales;Podosporaceae;Podospora;Podospora anserina,TRUE,1
GCA_022376525.1,Fungi;Basidiomycota;Agaricomycetes;Russulales;Russulaceae;Russula;Russula vinacea,TRUE,1
GCA_037102785.1,Fungi;Ascomycota;Saccharomycetes;Saccharomycetales;Saccharomycetaceae;Maudiozyma;Maudiozyma humilis,TRUE,1
GCA_002240705.1,Fungi;Ascomycota;Eurotiomycetes;Eurotiales;Elaphomycetaceae;Elaphomyces;Elaphomyces granulatus,TRUE,1
GCA_023646655.1,Fungi;Ascomycota;Lecanoromycetes;Teloschistales;Teloschistaceae;Caloplaca;Caloplaca aegaea,TRUE,1
GCF_021052385.1,Fungi;Basidiomycota;Tremellomycetes;Filobasidiales;Filobasidiaceae;Filobasidium;Filobasidium floriforme,FALSE,0
GCA_900006135.1,Fungi;Ascomycota;Pichiomycetes;Serinales;Debaryomycetaceae;Debaryomyces;Debaryomyces tyrocola,TRUE,1
GCA_004931855.1,Fungi;Ascomycota;Pichiomycetes;Pichiales;Pichiaceae;Pichia;Pichia inconspicua,TRUE,1
GCA_024703715.1,Fungi;Ascomycota;Leotiomycetes;Erysiphales;Erysiphaceae;Erysiphe;Erysiphe necator,TRUE,1
GCF_000150825.1,Fungi;Ascomycota;Sordariomycetes;Glomerellales;Plectosphaerellaceae;Verticillium;Verticillium alfalfae,TRUE,1
GCF_000328475.2,Fungi;Basidiomycota;Ustilaginomycetes;Ustilaginales;Ustilaginaceae;Mycosarcoma;Mycosarcoma maydis,TRUE,1
GCA_006352295.1,Fungi;Basidiomycota;Microbotryomycetes;Sporidiobolales;Sporidiobolaceae;Rhodotorula;Rhodotorula diobovata,TRUE,1
GCA_022814155.1,Fungi;Ascomycota;Lecanoromycetes;Peltigerales;Peltigeraceae;Peltigera;Peltigera leucophlebia,FALSE,0
GCA_018855395.1,Fungi;Basidiomycota;Agaricomycetes;Agaricales;Lyophyllaceae;Arthromyces;Arthromyces matolae,TRUE,1
GCA_018856295.1,Fungi;Basidiomycota;Agaricomycetes;Agaricales;Lyophyllaceae;Blastosporella;Blastosporella zonata,TRUE,1
GCA_004369045.1,Fungi;Basidiomycota;Agaricomycetes;Gloeophyllales;Gloeophyllaceae;Heliocybe;Heliocybe sulcata,TRUE,1
GCF_029532465.1,Fungi;Ascomycota;Lipomycetes;Lipomycetales;Lipomycetaceae;Lipomyces;Lipomyces tetrasporus,TRUE,1
GCF_037950935.1,Fungi;Ascomycota;Lipomycetes;Lipomycetales;Lipomycetaceae;Myxozyma;Myxozyma melibiosi,TRUE,1
GCA_004367215.1,Fungi;Ascomycota;Sordariomycetes;Glomerellales;Glomerellaceae;Colletotrichum;Colletotrichum trifolii,TRUE,1
GCF_000182765.1,Fungi;Ascomycota;Pichiomycetes;Serinales;Debaryomycetaceae;Candida;Candida parapsilosis,TRUE,1
GCA_016952355.1,Fungi;Ascomycota;Sordariomycetes;Hypocreales;Nectriaceae;Fusarium;Fusarium culmorum,TRUE,1
GCA_011503125.2,Fungi;Ascomycota;Dothideomycetes;Botryosphaeriales;Botryosphaeriaceae;Botryosphaeria;Botryosphaeria dothidea,TRUE,1
GCA_038025095.1,Fungi;Ascomycota;Dothideomycetes;Botryosphaeriales;Phyllostictaceae;Phyllosticta;Phyllosticta citricarpa,TRUE,1
GCA_009938135.1,Fungi;Basidiomycota;Malasseziomycetes;Malasseziales;Malasseziaceae;Malassezia;Malassezia furfur,TRUE,1
GCA_013305495.1,Fungi;Ascomycota;Sordariomycetes;Hypocreales;Clavicipitaceae;Metarhizium;Metarhizium anisopliae,TRUE,4
GCA_022385825.1,Fungi;Basidiomycota;Agaricomycetes;Russulales;Stereaceae;Amylostereum;Amylostereum chailletii,TRUE,1
GCA_002812745.2,Fungi;Ascomycota;Leotiomycetes;NA;NA;Scytalidium;Scytalidium lignicola,TRUE,1
GCF_041956635.1,Fungi;Ascomycota;Eurotiomycetes;Eurotiales;Trichocomaceae;Thermomyces;Thermomyces lanuginosus,TRUE,1
GCA_021525775.1,Fungi;Basidiomycota;Agaricomycetes;Russulales;Russulaceae;Lactarius;Lactarius deliciosus,TRUE,1
GCF_000003525.1,Fungi;Ascomycota;Eurotiomycetes;Onygenales;Ajellomycetaceae;Blastomyces;Blastomyces dermatitidis,TRUE,1
GCF_001642055.1,Fungi;Ascomycota;Dothideomycetes;Pleosporales;Pleosporaceae;Alternaria;Alternaria alternata,TRUE,1
GCF_014066315.1,Fungi;Ascomycota;Lecanoromycetes;Lecanorales;Parmeliaceae;Letharia;Letharia lupina,TRUE,1
GCA_027627405.1,Fungi;Basidiomycota;Agaricomycetes;Agaricales;Agaricaceae;Leucocoprinus;Leucocoprinus birnbaumii,TRUE,1
GCA_022264855.1,Fungi;Basidiomycota;Agaricomycetes;Polyporales;Polyporaceae;Lenzites;Lenzites betulinus,TRUE,1
GCF_000732125.1,Fungi;Ascomycota;Sordariomycetes;Microascales;Microascaceae;Scedosporium;Scedosporium apiospermum,FALSE,0
GCA_001747045.1,Fungi;Ascomycota;Saccharomycetes;Saccharomycodales;Saccharomycodaceae;Hanseniaspora;Hanseniaspora osmophila,TRUE,1
GCF_038497795.1,Fungi;Ascomycota;Lipomycetes;Lipomycetales;Lipomycetaceae;Lipomyces;Lipomyces arxii,TRUE,1
GCA_000765035.1,Fungi;Basidiomycota;Agaricomycetes;Polyporales;Polyporaceae;Trametes;Trametes cinnabarina,TRUE,1
GCF_035658355.1,Fungi;Basidiomycota;Tremellomycetes;Tremellales;Cryptococcaceae;Kwoniella;Kwoniella shivajii,TRUE,1
GCA_015832175.1,Fungi;Ascomycota;Dothideomycetes;Pleosporales;Didymosphaeriaceae;Paraphaeosphaeria;Paraphaeosphaeria minitans,TRUE,1
GCF_020744135.1,Fungi;Ascomycota;Sordariomycetes;Hypocreales;Nectriaceae;Fusarium;Fusarium venenatum,TRUE,1
GCA_013396035.1,Fungi;Ascomycota;Sordariomycetes;Hypocreales;Nectriaceae;Fusarium;Fusarium pseudocircinatum,TRUE,1
GCF_038497905.1,Fungi;Ascomycota;Lipomycetes;Lipomycetales;Lipomycetaceae;Lipomyces;Lipomyces japonicus,TRUE,1
GCA_013266205.1,Fungi;Ascomycota;Sordariomycetes;Hypocreales;Nectriaceae;Fusarium;Fusarium decemcellulare,TRUE,1
GCF_000226095.1,Fungi;Ascomycota;Sordariomycetes;Sordariales;Chaetomiaceae;Thermothelomyces;Thermothelomyces thermophilus,TRUE,1
GCF_000026945.1,Fungi;Ascomycota;Pichiomycetes;Serinales;Debaryomycetaceae;Candida;Candida dubliniensis,TRUE,1
GCF_035927965.1,Fungi;Ascomycota;Dothideomycetes;Mycosphaerellales;Teratosphaeriaceae;Recurvomyces;Recurvomyces mirabilis,TRUE,2
GCF_000271645.1,Fungi;Basidiomycota;Tremellomycetes;Tremellales;Tremellaceae;Tremella;Tremella mesenterica,TRUE,1
GCF_000218685.1,Fungi;Basidiomycota;Agaricomycetes;Boletales;Serpulaceae;Serpula;Serpula lacrymans,TRUE,1
GCF_000143185.2,Fungi;Basidiomycota;Agaricomycetes;Agaricales;Schizophyllaceae;Schizophyllum;Schizophyllum commune,FALSE,0
GCF_001329695.1,Fungi;Basidiomycota;Microbotryomycetes;Sporidiobolales;Sporidiobolaceae;Rhodotorula;Rhodotorula graminis,TRUE,1
GCA_000383075.1,Fungi;Microsporidia;NA;NA;Nosematidae;Nosema;Nosema bombycis,FALSE,0
GCA_000151295.1,Fungi;Blastocladiomycota;Blastocladiomycetes;Blastocladiales;Blastocladiaceae;Allomyces;Allomyces macrogynus,FALSE,0
GCA_029532415.1,Fungi;Basidiomycota;Agaricomycetes;Agaricales;Marasmiaceae;Marasmius;Marasmius tenuissimus,TRUE,1
GCF_001447935.2,Fungi;Ascomycota;Pichiomycetes;Serinales;Debaryomycetaceae;Debaryomyces;Debaryomyces fabryi,TRUE,1
GCF_003025115.1,Fungi;Ascomycota;Sordariomycetes;Hypocreales;Hypocreaceae;Trichoderma;Trichoderma citrinoviride,TRUE,1
GCF_003144115.1,Fungi;Basidiomycota;Exobasidiomycetes;Entylomatales;NA;Tilletiopsis;Tilletiopsis washingtonensis,TRUE,1
GCF_028828655.1,Fungi;Ascomycota;Eurotiomycetes;Eurotiales;Aspergillaceae;Penicillium;Penicillium verrucosum,TRUE,1
GCA_025677815.1,Fungi;Mucoromycota;Mucoromycetes;Mucorales;Lichtheimiaceae;Phascolomyces;Phascolomyces articulosus,TRUE,1
GCA_007821545.1,Fungi;Ascomycota;Leotiomycetes;Helotiales;Lachnaceae;Lachnellula;Lachnellula subtilissima,TRUE,1
GCA_001990825.1,Fungi;Ascomycota;Eurotiomycetes;Eurotiales;Aspergillaceae;Aspergillus;Aspergillus carbonarius,TRUE,1
GCF_036630325.1,Fungi;Microsporidia;NA;NA;Nosematidae;Vairimorpha;Vairimorpha necatrix,FALSE,0
GCA_014065205.1,Fungi;Ascomycota;Pezizomycetes;Pezizales;Tuberaceae;Tuber;Tuber brumale,TRUE,1
GCF_903064755.1,Fungi;Ascomycota;Saccharomycetes;Saccharomycetales;Saccharomycetaceae;Maudiozyma;Maudiozyma barnettii,TRUE,1
GCA_003086725.1,Fungi;Zoopagomycota;Harpellomycetes;Harpellales;Harpellaceae;Furculomyces;Furculomyces boomerangus,FALSE,0
GCA_018360365.1,Fungi;Ascomycota;Sordariomycetes;Hypocreales;Clavicipitaceae;Claviceps;Claviceps citrina,TRUE,1
GCA_029603245.1,Fungi;Basidiomycota;Agaricomycetes;Boletales;Rhizopogonaceae;Rhizopogon;Rhizopogon salebrosus,TRUE,1
GCF_022984875.1,Fungi;Ascomycota;Sordariomycetes;Xylariales;Hypoxylaceae;Hypoxylon;Hypoxylon fragiforme,TRUE,1
GCA_900208305.1,Fungi;Basidiomycota;Ustilaginomycetes;Ustilaginales;Ustilaginaceae;Melanopsichium;Melanopsichium pennsylvanicum,TRUE,1
GCF_020647795.1,Fungi;Ascomycota;Sordariomycetes;Hypocreales;Hypocreaceae;Trichoderma;Trichoderma atroviride,TRUE,1
GCF_028827525.1,Fungi;Ascomycota;Eurotiomycetes;Eurotiales;Aspergillaceae;Penicillium;Penicillium daleae,TRUE,3
GCA_027604705.1,Fungi;Blastocladiomycota;Blastocladiomycetes;Blastocladiales;Blastocladiaceae;Allomyces;Allomyces arbusculus,FALSE,0
GCA_025349905.2,Fungi;Blastocladiomycota;Blastocladiomycetes;Blastocladiales;Blastocladiaceae;Blastocladiella;Blastocladiella britannica,FALSE,0
GCA_025449115.1,Fungi;Chytridiomycota;Chytridiomycetes;Chytridiales;Chytridiaceae;Chytridium;Chytridium lagenaria,TRUE,1
GCF_000149035.1,Fungi;Ascomycota;Sordariomycetes;Glomerellales;Glomerellaceae;Colletotrichum;Colletotrichum graminicola,TRUE,1
GCA_019671135.1,Fungi;Mucoromycota;Mortierellomycetes;Mortierellales;Mortierellaceae;Linnemannia;Linnemannia hyalina,TRUE,1
GCA_025716855.1,Fungi;Mucoromycota;Mucoromycetes;Mucorales;Mucoraceae;Pilaira;Pilaira anomala,TRUE,1
GCF_025766255.1,Fungi;Mucoromycota;Mucoromycetes;Mucorales;Lichtheimiaceae;Zychaea;Zychaea mexicana,TRUE,2
GCA_015584075.1,Fungi;Basidiomycota;Agaricomycetes;Agaricales;Clitocybaceae;Collybia;Collybia nuda,TRUE,1
GCA_000151455.1,Fungi;Ascomycota;Eurotiomycetes;Onygenales;Arthrodermataceae;Trichophyton;Trichophyton tonsurans,TRUE,1
GCF_000300595.1,Fungi;Basidiomycota;Agaricomycetes;Polyporales;Phanerochaetaceae;Phanerochaete;Phanerochaete carnosa,FALSE,0
GCF_001641265.1,Fungi;Ascomycota;Leotiomycetes;Thelebolales;Thelebolaceae;Pseudogymnoascus;Pseudogymnoascus destructans,TRUE,1
GCA_009193545.1,Fungi;Ascomycota;Eurotiomycetes;Eurotiales;Aspergillaceae;Aspergillus;Aspergillus arachidicola,TRUE,1
GCA_014805705.1,Fungi;Microsporidia;NA;NA;NA;Cucumispora;Cucumispora dikerogammari,FALSE,0
GCA_014461115.1,Fungi;Basidiomycota;Agaricomycetes;Agaricales;Mycenaceae;Mycena;Mycena chlorophos,TRUE,1
GCF_011745365.1,Fungi;Ascomycota;Sordariomycetes;Diaporthales;Cryphonectriaceae;Cryphonectria;Cryphonectria parasitica,TRUE,1
GCF_000151505.1,Fungi;Ascomycota;Eurotiomycetes;Onygenales;Arthrodermataceae;Trichophyton;Trichophyton verrucosum,TRUE,1
GCF_000146945.2,Fungi;Ascomycota;Leotiomycetes;Helotiales;Sclerotiniaceae;Sclerotinia;Sclerotinia sclerotiorum,TRUE,1
GCA_022385595.1,Fungi;Ascomycota;Sordariomycetes;Xylariales;Xylariaceae;Xylaria;Xylaria palmicola,TRUE,1
GCF_000338995.1,Fungi;Ascomycota;Dothideomycetes;Pleosporales;Pleosporaceae;Bipolaris;Bipolaris sorokiniana,TRUE,1
GCA_022814215.1,Fungi;Ascomycota;Lecanoromycetes;Peltigerales;Lobariaceae;Lobaria;Lobaria immixta,FALSE,0
GCF_000344685.1,Fungi;Basidiomycota;Agaricomycetes;Gloeophyllales;Gloeophyllaceae;Gloeophyllum;Gloeophyllum trabeum,TRUE,1
GCF_000359705.1,Fungi;Ascomycota;Dothideomycetes;Pleosporales;Pleosporaceae;Exserohilum;Exserohilum turcicum,TRUE,1
GCF_010093535.1,Fungi;Ascomycota;Dothideomycetes;Pleosporales;Lindgomycetaceae;Lindgomyces;Lindgomyces ingoldianus,TRUE,1
GCA_032173475.1,Fungi;Basidiomycota;Agaricomycetes;Agaricales;Amanitaceae;Amanita;Amanita phalloides,TRUE,1
GCA_014839865.1,Fungi;Mucoromycota;Mucoromycetes;Mucorales;Mucoraceae;Apophysomyces;Apophysomyces ossiformis,TRUE,1
GCF_000203795.2,Fungi;Chytridiomycota;Chytridiomycetes;Rhizophydiales;NA;Batrachochytrium;Batrachochytrium dendrobatidis,TRUE,1
GCA_014298035.1,Fungi;Ascomycota;Dothideomycetes;Mycosphaerellales;Mycosphaerellaceae;Pseudocercospora;Pseudocercospora fuligena,TRUE,1
GCA_004379715.1,Fungi;Basidiomycota;Agaricomycetes;Agaricales;Nidulariaceae;Crucibulum;Crucibulum laeve,TRUE,1
GCA_010015825.1,Fungi;Ascomycota;Dothideomycetes;Pleosporales;Lophiotremataceae;Lophiotrema;Lophiotrema nucula,TRUE,1
GCA_011392555.1,Fungi;Ascomycota;Eurotiomycetes;Eurotiales;Aspergillaceae;Penicillium;Penicillium rolfsii,TRUE,1
GCF_022702325.1,Fungi;Ascomycota;Leotiomycetes;Helotiales;Drepanopezizaceae;Drepanopeziza;Drepanopeziza brunnea,TRUE,1
GCA_028828245.1,Fungi;Ascomycota;Eurotiomycetes;Eurotiales;Aspergillaceae;Penicillium;Penicillium lividum,FALSE,0
GCA_033117895.1,Fungi;Ascomycota;Dothideomycetes;Mycosphaerellales;Extremaceae;Extremus;Extremus antarcticus,TRUE,1
GCA_021066465.1,Fungi;Ascomycota;Sordariomycetes;Hypocreales;Hypocreaceae;Trichoderma;Trichoderma asperelloides,TRUE,1
GCA_010405405.1,Fungi;Ascomycota;Dothideomycetes;Microthyriales;Microthyriaceae;Microthyrium;Microthyrium microscopicum,TRUE,1
GCA_010356995.1,Fungi;Ascomycota;Dothideomycetes;Phaeotrichales;Phaeotrichaceae;Trichodelitschia;Trichodelitschia bisporula,TRUE,1
GCA_005059885.1,Fungi;Ascomycota;Dothideomycetes;Mycosphaerellales;Teratosphaeriaceae;Salinomyces;Salinomyces thailandicus,TRUE,1
GCA_010015635.1,Fungi;Ascomycota;Dothideomycetes;Pleosporales;Diademaceae;Clathrospora;Clathrospora elynae,TRUE,1
GCA_022179045.1,Fungi;Ascomycota;Sordariomycetes;Glomerellales;Glomerellaceae;Colletotrichum;Colletotrichum liriopes,TRUE,1
GCA_015951145.1,Fungi;Basidiomycota;Pucciniomycetes;Pucciniales;Coleosporiaceae;Cronartium;Cronartium quercuum,TRUE,1
GCF_027942845.1,Fungi;Ascomycota;Sordariomycetes;Glomerellales;Glomerellaceae;Colletotrichum;Colletotrichum fioriniae,TRUE,1
GCA_044089335.1,Fungi;Ascomycota;Eurotiomycetes;Eurotiales;Aspergillaceae;Aspergillus;Aspergillus keveii,TRUE,1
GCA_002105065.1,Fungi;Basidiomycota;Tremellomycetes;Tremellales;Naemateliaceae;Naematelia;Naematelia encephala,TRUE,1
GCA_900536885.1,Fungi;Basidiomycota;Agaricomycetes;Russulales;Peniophoraceae;Peniophora;Peniophora sp. CBMAI 1063,TRUE,1
GCA_029289565.1,Fungi;Basidiomycota;Agaricomycetes;Agaricales;Mycenaceae;Mycena;Mycena galericulata,TRUE,1
GCA_025769875.1,Fungi;Basidiomycota;Agaricomycetes;Russulales;Russulaceae;Russula;Russula earlei,TRUE,1
GCA_022376515.1,Fungi;Basidiomycota;Agaricomycetes;Russulales;Russulaceae;Lactifluus;Lactifluus volemus,TRUE,1
GCA_042764415.1,Fungi;Ascomycota;Sordariomycetes;Sordariales;NA;Remersonia;Remersonia thermophila,TRUE,1
GCF_000264905.1,Fungi;Basidiomycota;Agaricomycetes;Russulales;Stereaceae;Stereum;Stereum hirsutum,TRUE,1
GCA_012934285.1,Fungi;Ascomycota;Sordariomycetes;Hypocreales;Ophiocordycipitaceae;Ophiocordyceps;Ophiocordyceps sinensis,TRUE,1
GCA_000316135.1,Fungi;Microsporidia;NA;NA;Pleistophoridae;Trachipleistophora;Trachipleistophora hominis,FALSE,0
GCA_002572855.1,Fungi;Ascomycota;Eurotiomycetes;Onygenales;Ajellomycetaceae;Emmonsia;Emmonsia crescens,TRUE,1
GCF_000264995.1,Fungi;Basidiomycota;Agaricomycetes;Corticiales;Punctulariaceae;Punctularia;Punctularia strigosozonata,TRUE,1
GCA_022453515.1,Fungi;Ascomycota;Sordariomycetes;Xylariales;Xylariaceae;Astrocystis;Astrocystis sublimbata,TRUE,1
GCA_036971725.1,Fungi;Ascomycota;Orbiliomycetes;Orbiliales;Orbiliaceae;Arthrobotrys;Arthrobotrys conoides,TRUE,1
GCA_000832265.1,Fungi;Basidiomycota;Agaricomycetes;Polyporales;Phanerochaetaceae;Phlebiopsis;Phlebiopsis gigantea,TRUE,1
GCF_000320585.1,Fungi;Basidiomycota;Agaricomycetes;Russulales;Bondarzewiaceae;Heterobasidion;Heterobasidion irregulare,TRUE,1
GCF_019321695.1,Fungi;Ascomycota;Sordariomycetes;Diaporthales;Diaporthaceae;Diaporthe;Diaporthe batatas,TRUE,1
GCA_022225945.2,Fungi;Ascomycota;Dothideomycetes;Pleosporales;Didymellaceae;Didymella;Didymella pomorum,TRUE,1
GCA_021642125.2,Fungi;Ascomycota;Dothideomycetes;Pleosporales;Didymellaceae;Nothophoma;Nothophoma quercina,TRUE,1
GCA_013396015.1,Fungi;Ascomycota;Sordariomycetes;Hypocreales;Nectriaceae;Fusarium;Fusarium mexicanum,TRUE,1
GCF_018404265.1,Fungi;Ascomycota;Eurotiomycetes;Eurotiales;Aspergillaceae;Aspergillus;Aspergillus viridinutans,TRUE,1
GCF_000225545.1,Fungi;Ascomycota;Orbiliomycetes;Orbiliales;Orbiliaceae;Orbilia;Orbilia oligospora,TRUE,1
GCF_001672515.1,Fungi;Ascomycota;Sordariomycetes;Glomerellales;Glomerellaceae;Colletotrichum;Colletotrichum higginsianum,TRUE,1
GCF_001661235.1,Fungi;Ascomycota;Pichiomycetes;Pichiales;Pichiaceae;Pichia;Pichia membranifaciens,TRUE,1
GCF_001638985.1,Fungi;Mucoromycota;Mucoromycetes;Mucorales;Phycomycetaceae;Phycomyces;Phycomyces blakesleeanus,TRUE,2
GCA_002705745.1,Fungi;Zoopagomycota;Kickxellomycetes;Kickxellales;Kickxellaceae;Coemansia;Coemansia reversa,FALSE,0
GCA_001644535.1,Fungi;Ascomycota;Dothideomycetes;Pleosporales;Cucurbitariaceae;Pyrenochaeta;Pyrenochaeta sp. DS3sAY3a,TRUE,1
GCA_001644525.1,Fungi;Ascomycota;Dothideomycetes;Pleosporales;Phaeosphaeriaceae;NA;Phaeosphaeriaceae sp. SRC1lsM3a,TRUE,1
GCF_001889945.1,Fungi;Ascomycota;Eurotiomycetes;Eurotiales;Aspergillaceae;Aspergillus;Aspergillus brasiliensis,TRUE,1
GCA_000827355.1,Fungi;Basidiomycota;Agaricomycetes;Agaricales;Hymenogastraceae;Hebeloma;Hebeloma cylindrosporum,TRUE,1
GCA_013396165.1,Fungi;Ascomycota;Sordariomycetes;Hypocreales;Nectriaceae;Fusarium;Fusarium globosum,TRUE,1
GCA_027575765.1,Fungi;Zoopagomycota;Dimargaritomycetes;Dimargaritales;Dimargaritaceae;Tieghemiomyces;Tieghemiomyces parasiticus,TRUE,2
GCF_001692895.1,Fungi;Ascomycota;Dothideomycetes;NA;Gloniaceae;Cenococcum;Cenococcum geophilum,TRUE,1
GCF_001640025.1,Fungi;Ascomycota;Dipodascomycetes;Dipodascales;Trichomonascaceae;Sugiyamaella;Sugiyamaella lignohabitans,FALSE,0
GCA_001566745.1,Fungi;Zoopagomycota;Entomophthoromycetes;Entomophthorales;Ancylistaceae;Conidiobolus;Conidiobolus coronatus,TRUE,4
GCA_020744225.1,Fungi;Ascomycota;Dothideomycetes;Pleosporales;Phaeosphaeriaceae;Paraphoma;Paraphoma chrysanthemicola,TRUE,1
GCA_027946455.1,Fungi;Ascomycota;Dothideomycetes;Pleosporales;Cucurbitariaceae;Neocucurbitaria;Neocucurbitaria cava,TRUE,1
GCA_020746835.1,Fungi;Ascomycota;Sordariomycetes;Hypocreales;Stachybotryaceae;Stachybotrys;Stachybotrys elegans,TRUE,3
GCA_018360145.1,Fungi;Ascomycota;Sordariomycetes;Hypocreales;Clavicipitaceae;Claviceps;Claviceps africana,TRUE,1
GCA_015832245.1,Fungi;Microsporidia;NA;NA;Nosematidae;Nosema;Nosema granulosis,FALSE,0
GCA_027627235.1,Fungi;Basidiomycota;Agaricomycetes;Agaricales;Strophariaceae;Agrocybe;Agrocybe chaxingu,TRUE,1
GCA_013053245.1,Fungi;Basidiomycota;Agaricomycetes;Agaricales;Strophariaceae;Agrocybe;Agrocybe pediades,FALSE,0
GCF_000747765.1,Fungi;Basidiomycota;Ustilaginomycetes;Ustilaginales;Ustilaginaceae;Moesziomyces;Moesziomyces antarcticus,TRUE,1
GCA_021495925.2,Fungi;Ascomycota;Dothideomycetes;Botryosphaeriales;Botryosphaeriaceae;Diplodia;Diplodia intermedia,TRUE,1
GCA_014904945.1,Fungi;Basidiomycota;Agaricomycetes;Boletales;Gyrodontaceae;Gyrodon;Gyrodon lividus,TRUE,1
GCA_021014945.1,Fungi;Basidiomycota;Agaricomycetes;Boletales;NA;Leucogyrophana;Leucogyrophana mollusca,TRUE,1
GCA_042604555.1,Fungi;Ascomycota;Leotiomycetes;Helotiales;Ploettnerulaceae;Oculimacula;Oculimacula yallundae,TRUE,1
GCA_022963125.1,Fungi;Basidiomycota;Ustilaginomycetes;Ustilaginales;Ustilaginaceae;Ustilago;Ustilago nuda,TRUE,1
GCA_900323505.1,Fungi;Basidiomycota;Ustilaginomycetes;Ustilaginales;Ustilaginaceae;Ustilago;Ustilago trichophora,TRUE,2
GCA_030512325.1,Fungi;Ascomycota;Dothideomycetes;Botryosphaeriales;Botryosphaeriaceae;Lasiodiplodia;Lasiodiplodia hormozganensis,TRUE,1
GCF_019207475.1,Fungi;Ascomycota;Pichiomycetes;Pichiales;Pichiaceae;Ogataea;Ogataea angusta,TRUE,1
GCF_014898465.1,Fungi;Ascomycota;Leotiomycetes;Helotiales;Sclerotiniaceae;Botrytis;Botrytis porri,TRUE,1
GCF_000146465.1,Fungi;Microsporidia;NA;NA;Unikaryonidae;Encephalitozoon;Encephalitozoon intestinalis,FALSE,0
GCA_003814445.1,Fungi;Ascomycota;Sordariomycetes;Hypocreales;Clavicipitaceae;Epichloe;Epichloe festucae,TRUE,1
GCF_008065305.1,Fungi;Basidiomycota;Tremellomycetes;Trichosporonales;Trichosporonaceae;Cutaneotrichosporon;Cutaneotrichosporon oleaginosum,TRUE,1
GCF_000250985.1,Fungi;Microsporidia;NA;NA;NA;Nematocida;Nematocida parisii,FALSE,0
GCA_014904845.1,Fungi;Ascomycota;Leotiomycetes;Helotiales;Mollisiaceae;Acephala;Acephala macrosclerotiorum,TRUE,1
GCA_000978885.1,Fungi;Ascomycota;Sordariomycetes;Microascales;Ceratocystidaceae;Ceratocystis;Ceratocystis platani,TRUE,1
GCA_018360255.1,Fungi;Ascomycota;Sordariomycetes;Hypocreales;Clavicipitaceae;Claviceps;Claviceps maximensis,TRUE,1
GCA_030039255.1,Fungi;Basidiomycota;Tremellomycetes;Filobasidiales;Filobasidiaceae;Naganishia;Naganishia friedmannii,FALSE,0
GCF_025118155.1,Fungi;Mucoromycota;Mucoromycetes;Mucorales;Mucoraceae;Cokeromyces;Cokeromyces recurvatus,TRUE,1
GCA_002105175.1,Fungi;Mucoromycota;Mucoromycetes;Mucorales;Cunninghamellaceae;Absidia;Absidia repens,TRUE,2
GCF_000277815.2,Fungi;Microsporidia;NA;NA;Unikaryonidae;Encephalitozoon;Encephalitozoon hellem,FALSE,0
GCA_028827645.1,Fungi;Ascomycota;Eurotiomycetes;Eurotiales;Aspergillaceae;Penicillium;Penicillium hetheringtonii,TRUE,1
GCA_000320605.2,Fungi;Basidiomycota;Agaricomycetes;Polyporales;Gelatoporiaceae;Gelatoporia;Gelatoporia subvermispora,TRUE,1
GCA_900074885.1,Fungi;Ascomycota;Leotiomycetes;Helotiales;Ploettnerulaceae;Rhynchosporium;Rhynchosporium commune,TRUE,1
GCF_019434415.1,Fungi;Ascomycota;Sordariomycetes;Hypocreales;Clavicipitaceae;Metarhizium;Metarhizium acridum,TRUE,1
GCA_033439765.1,Fungi;Ascomycota;Sordariomycetes;Sordariales;Lasiosphaeriaceae;Lasiosphaeria;Lasiosphaeria ovina,TRUE,1
GCF_000527765.1,Fungi;Ascomycota;Dothideomycetes;Pleosporales;Pleosporaceae;Bipolaris;Bipolaris victoriae,TRUE,1
GCA_000827255.1,Fungi;Basidiomycota;Agaricomycetes;Boletales;Suillaceae;Suillus;Suillus luteus,TRUE,1
GCA_000827415.1,Fungi;Basidiomycota;Agaricomycetes;Sebacinales;Serendipitaceae;Serendipita;Serendipita vermifera,TRUE,2
GCA_033119265.1,Fungi;Ascomycota;Dothideomycetes;NA;NA;Coniosporium;Coniosporium uncinatum,TRUE,1
GCF_000300575.1,Fungi;Basidiomycota;Agaricomycetes;Agaricales;Agaricaceae;Agaricus;Agaricus bisporus,TRUE,1
GCF_024613125.1,Fungi;Basidiomycota;Agaricomycetes;Boletales;Pisolithaceae;Pisolithus;Pisolithus orientalis,TRUE,1
GCA_015501595.1,Fungi;Basidiomycota;Agaricomycetes;Agaricales;Physalacriaceae;Hymenopellis;Hymenopellis radicata,FALSE,0
GCA_015698045.1,Fungi;Mucoromycota;Glomeromycetes;Glomerales;Glomeraceae;Rhizophagus;Rhizophagus clarus,TRUE,1
GCA_002916505.1,Fungi;Ascomycota;Sordariomycetes;Hypocreales;Ophiocordycipitaceae;Tolypocladium;Tolypocladium paradoxum,TRUE,1
GCF_028827675.1,Fungi;Ascomycota;Eurotiomycetes;Eurotiales;Aspergillaceae;Penicillium;Penicillium lagena,TRUE,1
GCA_000827205.1,Fungi;Basidiomycota;Agaricomycetes;Amylocorticiales;Amylocorticiaceae;Plicatura;Plicatura crispa,TRUE,1
GCA_032760415.1,Fungi;Ascomycota;Leotiomycetes;Helotiales;Drepanopezizaceae;Diplocarpon;Diplocarpon rosae,TRUE,1
GCA_016758945.1,Fungi;Mucoromycota;Mucoromycetes;Mucorales;Mucoraceae;Mucor;Mucor plumbeus,TRUE,1
GCA_007026445.1,Fungi;Basidiomycota;Agaricomycetes;Agaricales;Schizophyllaceae;Auriculariopsis;Auriculariopsis ampla,TRUE,1
GCA_025201705.1,Fungi;Mucoromycota;Mortierellomycetes;Mortierellales;Mortierellaceae;Dissophora;Dissophora ornata,TRUE,1
GCA_015849325.1,Fungi;Mucoromycota;Mortierellomycetes;Mortierellales;Mortierellaceae;Mortierella;Mortierella antarctica,TRUE,1
GCA_015679585.1,Fungi;Mucoromycota;Mortierellomycetes;Mortierellales;Mortierellaceae;Entomortierella;Entomortierella beljakovae,FALSE,0
GCA_015852385.1,Fungi;Mucoromycota;Mortierellomycetes;Mortierellales;Mortierellaceae;Podila;Podila clonocystis,TRUE,1
GCA_015852425.1,Fungi;Mucoromycota;Mortierellomycetes;Mortierellales;Mortierellaceae;Gryganskiella;Gryganskiella cystojenkinii,TRUE,1
GCA_015852495.1,Fungi;Mucoromycota;Mortierellomycetes;Mortierellales;Mortierellaceae;Podila;Podila epicladia,TRUE,1
GCA_015679605.1,Fungi;Mucoromycota;Mortierellomycetes;Mortierellales;Mortierellaceae;Podila;Podila epigama,TRUE,1
GCA_016097935.1,Fungi;Mucoromycota;Mortierellomycetes;Mortierellales;Mortierellaceae;Dissophora;Dissophora globulifera,TRUE,1
GCA_015680625.1,Fungi;Mucoromycota;Mortierellomycetes;Mortierellales;Mortierellaceae;Mortierella;Mortierella hygrophila,TRUE,1
GCF_000225605.1,Fungi;Ascomycota;Sordariomycetes;Hypocreales;Cordycipitaceae;Cordyceps;Cordyceps militaris,TRUE,1
GCF_003025095.1,Fungi;Ascomycota;Sordariomycetes;Hypocreales;Hypocreaceae;Trichoderma;Trichoderma harzianum,TRUE,2
GCA_910592215.1,Fungi;Mucoromycota;Glomeromycetes;Entrophosporales;Entrophosporaceae;Entrophospora;Entrophospora candida,TRUE,1
GCF_001661335.1,Fungi;Ascomycota;Pichiomycetes;Serinales;NA;Babjeviella;Babjeviella inositovora,TRUE,1
GCA_009176405.1,Fungi;Ascomycota;Eurotiomycetes;Eurotiales;Aspergillaceae;Aspergillus;Aspergillus novoparasiticus,TRUE,1
GCA_000827215.1,Fungi;Basidiomycota;Agaricomycetes;Geastrales;Sphaerobolaceae;Sphaerobolus;Sphaerobolus stellatus,TRUE,1
GCA_038363885.1,Fungi;Ascomycota;Sordariomycetes;Xylariales;Apiosporaceae;Apiospora;Apiospora rasikravindrae,TRUE,1
GCA_911174995.1,Fungi;Ascomycota;Eurotiomycetes;Eurotiales;Aspergillaceae;Penicillium;Penicillium olsonii,TRUE,1
GCF_000231115.1,Fungi;Microsporidia;NA;NA;Nosematidae;Vittaforma;Vittaforma corneae,FALSE,0
GCA_002120325.1,Fungi;Ascomycota;Sordariomycetes;Xylariales;Hypoxylaceae;Daldinia;Daldinia sp. EC12,TRUE,1
GCA_002120305.1,Fungi;Ascomycota;Sordariomycetes;Xylariales;Hypoxylaceae;Hypoxylon;Hypoxylon sp. CO27-5,TRUE,1
GCF_028828465.1,Fungi;Ascomycota;Eurotiomycetes;Eurotiales;Aspergillaceae;Penicillium;Penicillium psychrosexuale,TRUE,1
GCA_000230595.3,Fungi;Microsporidia;NA;NA;Culicosporidae;Edhazardia;Edhazardia aedis,FALSE,0
GCA_025331435.1,Fungi;Mucoromycota;Mucoromycetes;Mucorales;Choanephoraceae;Choanephora;Choanephora cucurbitarum,TRUE,1
GCA_015849335.1,Fungi;Mucoromycota;Mortierellomycetes;Mortierellales;Mortierellaceae;Entomortierella;Entomortierella chlamydospora,FALSE,0
GCA_025093555.1,Fungi;Mucoromycota;Mucoromycetes;Mucorales;Lichtheimiaceae;Circinella;Circinella umbellata,TRUE,1
GCA_025201375.1,Fungi;Mucoromycota;Mucoromycetes;Mucorales;Cunninghamellaceae;Gongronella;Gongronella butleri,TRUE,1
GCA_002104935.1,Fungi;Mucoromycota;Mucoromycetes;Mucorales;Cunninghamellaceae;Hesseltinella;Hesseltinella vesiculosa,TRUE,1
GCA_025716815.1,Fungi;Mucoromycota;Mucoromycetes;Mucorales;Lichtheimiaceae;Dichotomocladium;Dichotomocladium elegans,TRUE,1
GCA_022579005.1,Fungi;Ascomycota;Sordariomycetes;Xylariales;Xylariaceae;Poronia;Poronia punctata,TRUE,1
GCF_000303195.2,Fungi;Ascomycota;Sordariomycetes;Hypocreales;Nectriaceae;Fusarium;Fusarium pseudograminearum,TRUE,1
GCA_029282135.1,Fungi;Basidiomycota;Agaricomycetes;Agaricales;Mycenaceae;Mycena;Mycena belliarum,TRUE,1
GCA_029378385.1,Fungi;Basidiomycota;Agaricomycetes;Agaricales;Mycenaceae;Mycena;Mycena metata,TRUE,2
GCA_022432525.1,Fungi;Ascomycota;Sordariomycetes;Xylariales;Hypoxylaceae;Daldinia;Daldinia grandis,TRUE,1
GCF_022478755.1,Fungi;Ascomycota;Sordariomycetes;Xylariales;Hypoxylaceae;Daldinia;Daldinia loculata,TRUE,1
GCA_009193525.1,Fungi;Ascomycota;Eurotiomycetes;Eurotiales;Aspergillaceae;Aspergillus;Aspergillus sergii,TRUE,1
GCA_009193505.1,Fungi;Ascomycota;Eurotiomycetes;Eurotiales;Aspergillaceae;Aspergillus;Aspergillus transmontanensis,TRUE,4
GCF_001890125.1,Fungi;Ascomycota;Eurotiomycetes;Eurotiales;Aspergillaceae;Aspergillus;Aspergillus versicolor,TRUE,1
GCF_001890705.1,Fungi;Ascomycota;Eurotiomycetes;Eurotiales;Aspergillaceae;Aspergillus;Aspergillus sydowii,TRUE,2
GCF_000313485.1,Fungi;Ascomycota;Saccharomycetes;Phaffomycetales;Wickerhamomycetaceae;Wickerhamomyces;Wickerhamomyces ciferrii,TRUE,1
GCA_001048715.1,Fungi;Ascomycota;Eurotiomycetes;Eurotiales;Aspergillaceae;Penicillium;Penicillium brasilianum,TRUE,1
GCF_000721765.1,Fungi;Ascomycota;Dothideomycetes;Dothideales;Saccotheciaceae;Aureobasidium;Aureobasidium namibiae,TRUE,1
GCA_000525045.1,Fungi;Ascomycota;Orbiliomycetes;Orbiliales;Orbiliaceae;Drechslerella;Drechslerella stenobrocha,TRUE,1
GCA_013423385.1,Fungi;Basidiomycota;Tremellomycetes;Filobasidiales;Filobasidiaceae;Naganishia;Naganishia liquefaciens,FALSE,0
GCA_029282285.1,Fungi;Basidiomycota;Agaricomycetes;Agaricales;Mycenaceae;Mycena;Mycena rebaudengoi,TRUE,1
GCA_003788615.2,Fungi;Ascomycota;Pezizomycetes;Pezizales;Pezizaceae;Terfezia;Terfezia boudieri,TRUE,1
GCF_011745625.1,Fungi;Ascomycota;Dothideomycetes;Cladosporiales;Cladosporiaceae;Cladosporium;Cladosporium halotolerans,TRUE,1
GCA_027579255.1,Fungi;Zoopagomycota;Kickxellomycetes;Kickxellales;Kickxellaceae;Coemansia;Coemansia pectinata,TRUE,1
GCF_003942205.1,Fungi;Basidiomycota;Tremellomycetes;Trichosporonales;Trichosporonaceae;Apiotrichum;Apiotrichum porosum,FALSE,0
GCA_024364755.1,Fungi;Basidiomycota;Microbotryomycetes;NA;Chrysozymaceae;Pseudohyphozyma;Pseudohyphozyma bogoriensis,TRUE,1
GCF_016861625.1,Fungi;Ascomycota;Eurotiomycetes;Eurotiales;Aspergillaceae;Aspergillus;Aspergillus luchuensis,TRUE,1
GCF_000236905.1,Fungi;Ascomycota;Saccharomycetes;Saccharomycetales;Saccharomycetaceae;Tetrapisispora;Tetrapisispora phaffii,TRUE,1
GCA_900074725.1,Fungi;Ascomycota;Saccharomycetes;Saccharomycetales;Saccharomycetaceae;Lachancea;Lachancea dasiensis,TRUE,1
GCF_036850825.1,Fungi;Ascomycota;Pichiomycetes;Serinales;Debaryomycetaceae;Scheffersomyces;Scheffersomyces amazonensis,TRUE,1
GCF_021365365.1,Fungi;Ascomycota;Sordariomycetes;Hypocreales;Nectriaceae;Ilyonectria;Ilyonectria robusta,TRUE,2
GCF_028827665.1,Fungi;Ascomycota;Eurotiomycetes;Eurotiales;Aspergillaceae;Penicillium;Penicillium hispanicum,TRUE,1
GCF_010093935.1,Fungi;Ascomycota;Dothideomycetes;Mycosphaerellales;Mycosphaerellaceae;Zasmidium;Zasmidium cellare,TRUE,1
GCF_001298625.1,Fungi;Ascomycota;Saccharomycetes;Saccharomycetales;Saccharomycetaceae;Saccharomyces;Saccharomyces eubayanus,TRUE,1
GCF_000804445.1,Fungi;Ascomycota;Sordariomycetes;Hypocreales;Clavicipitaceae;Metarhizium;Metarhizium album,TRUE,1
GCA_002087885.1,Fungi;Microsporidia;NA;NA;Hepatosporidae;Hepatospora;Hepatospora eriocheir,FALSE,0
GCA_004155945.1,Fungi;Ascomycota;Sordariomycetes;Xylariales;NA;Monosporascus;Monosporascus sp. mg162,TRUE,1
GCA_026023525.1,Fungi;Ascomycota;Geoglossomycetes;Geoglossales;Geoglossaceae;Geoglossum;Geoglossum simile,TRUE,1
GCA_001481415.2,Fungi;Basidiomycota;Agaricomycetes;Hymenochaetales;Hymenochaetaceae;Sanghuangporus;Sanghuangporus baumii,FALSE,0
GCF_000260195.1,Fungi;Ascomycota;Sordariomycetes;Hypocreales;Nectriaceae;Fusarium;Fusarium odoratissimum,TRUE,1
GCF_001792695.1,Fungi;Ascomycota;Eurotiomycetes;Eurotiales;Aspergillaceae;Aspergillus;Aspergillus bombycis,TRUE,1
GCA_022578855.1,Fungi;Ascomycota;Sordariomycetes;Xylariales;Xylariaceae;Nemania;Nemania serpens,TRUE,1
GCF_030411735.1,Fungi;Ascomycota;Sordariomycetes;Cephalothecales;Cephalothecaceae;Phialemonium;Phialemonium atrogriseum,TRUE,1
GCF_012550715.1,Fungi;Ascomycota;Sordariomycetes;Hypocreales;Bionectriaceae;Geosmithia;Geosmithia morbida,TRUE,1
GCA_000827195.1,Fungi;Basidiomycota;Agaricomycetes;Agaricales;Hydnangiaceae;Laccaria;Laccaria amethystina,TRUE,1
GCA_027604685.1,Fungi;Chytridiomycota;Chytridiomycetes;Lobulomycetales;Lobulomycetaceae;Lobulomyces;Lobulomyces angularis,FALSE,0
GCA_025526995.1,Fungi;Chytridiomycota;Chytridiomycetes;Spizellomycetales;Powellomycetaceae;Powellomyces;Powellomyces hirtus,FALSE,0
GCA_025558075.1,Fungi;Chytridiomycota;Chytridiomycetes;Spizellomycetales;Spizellomycetaceae;Gaertneriomyces;Gaertneriomyces semiglobifer,TRUE,1
GCA_027604725.1,Fungi;Chytridiomycota;Chytridiomycetes;Chytridiales;Chytriomycetaceae;Entophlyctis;Entophlyctis luteolus,TRUE,1
GCA_025526935.1,Fungi;Chytridiomycota;Chytridiomycetes;Cladochytriales;Cladochytriaceae;Cladochytrium;Cladochytrium replicatum,TRUE,1
GCA_027596945.1,Fungi;Chytridiomycota;Chytridiomycetes;Chytridiales;Chytriomycetaceae;Physocladia;Physocladia obscura,FALSE,0
GCA_022497155.1,Fungi;Ascomycota;Sordariomycetes;Xylariales;Xylariaceae;Whalleya;Whalleya microplaca,TRUE,1
GCA_022578605.1,Fungi;Ascomycota;Sordariomycetes;Xylariales;Xylariaceae;Camillea;Camillea tinctor,TRUE,1
GCF_028828025.1,Fungi;Ascomycota;Eurotiomycetes;Eurotiales;Aspergillaceae;Penicillium;Penicillium rubens,TRUE,1
GCA_910890315.1,Fungi;Basidiomycota;Agaricomycetes;Sebacinales;Serendipitaceae;Serendipita;Serendipita indica,TRUE,1
GCA_963674455.1,Fungi;Ascomycota;Dothideomycetes;Mycosphaerellales;Mycosphaerellaceae;Lecanosticta;Lecanosticta acicola,TRUE,1
GCA_015025155.1,Fungi;Basidiomycota;Agaricomycetes;Russulales;Russulaceae;Lactarius;Lactarius quietus,TRUE,1
GCA_029747595.1,Fungi;Basidiomycota;Agaricomycetes;Polyporales;Polyporaceae;Trametes;Trametes cubensis,FALSE,0
GCF_000409485.1,Fungi;Ascomycota;Leotiomycetes;Helotiales;Helotiaceae;Glarea;Glarea lozoyensis,TRUE,2
GCA_946474995.1,Fungi;Mucoromycota;Glomeromycetes;Glomerales;Glomeraceae;Funneliformis;Funneliformis geosporum,TRUE,1
GCA_025602905.1,Fungi;Chytridiomycota;Chytridiomycetes;Chytridiales;Chytridiaceae;Phlyctochytrium;Phlyctochytrium arcticum,TRUE,1
GCF_900074925.1,Fungi;Ascomycota;Dothideomycetes;Mycosphaerellales;Mycosphaerellaceae;Ramularia;Ramularia collo-cygni,TRUE,1
GCF_038497785.1,Fungi;Ascomycota;Lipomycetes;Lipomycetales;Lipomycetaceae;Limtongia;Limtongia smithiae,TRUE,1
GCA_027579055.1,Fungi;Zoopagomycota;Kickxellomycetes;Kickxellales;Kickxellaceae;Coemansia;Coemansia interrupta,TRUE,1
GCA_026023565.1,Fungi;Ascomycota;Xylobotryomycetes;Xylobotryales;Cirrosporiaceae;Cirrosporium;Cirrosporium novae-zelandiae,TRUE,1
GCA_038380885.1,Fungi;Ascomycota;Dothideomycetes;Botryosphaeriales;Phyllostictaceae;Phyllosticta;Phyllosticta citrichinensis,TRUE,1
GCA_041956715.1,Fungi;Ascomycota;Eurotiomycetes;Eurotiales;Thermoascaceae;Thermoascus;Thermoascus thermophilus,TRUE,1
GCF_028826775.1,Fungi;Ascomycota;Eurotiomycetes;Eurotiales;Aspergillaceae;Penicillium;Penicillium argentinense,TRUE,1
GCF_021365285.1,Fungi;Ascomycota;Eurotiomycetes;Eurotiales;Trichocomaceae;Talaromyces;Talaromyces proteolyticus,TRUE,1
GCF_028827265.1,Fungi;Ascomycota;Eurotiomycetes;Eurotiales;Aspergillaceae;Penicillium;Penicillium atrosanguineum,TRUE,1
GCA_014904835.1,Fungi;Basidiomycota;Agaricomycetes;Boletales;Paxillaceae;Paxillus;Paxillus ammoniavirescens,TRUE,1
GCA_042370945.1,Fungi;Ascomycota;Eurotiomycetes;Eurotiales;Thermoascaceae;Thermoascus;Thermoascus aurantiacus,TRUE,1
GCA_027602005.1,Fungi;Chytridiomycota;Chytridiomycetes;Spizellomycetales;Powellomycetaceae;Geranomyces;Geranomyces michiganensis,FALSE,0
GCA_033575675.1,Fungi;Ascomycota;Sordariomycetes;Sordariales;Chaetomiaceae;Parathielavia;Parathielavia hyrcaniae,TRUE,2
GCA_022606115.1,Fungi;Basidiomycota;Agaricomycetes;Polyporales;Polyporaceae;Daedaleopsis;Daedaleopsis nitida,TRUE,1
GCA_023646045.1,Fungi;Ascomycota;Lecanoromycetes;Teloschistales;Letrouitiaceae;Letrouitia;Letrouitia transgressa,FALSE,0
GCA_023645825.1,Fungi;Ascomycota;Lecanoromycetes;Teloschistales;Teloschistaceae;Seirophora;Seirophora lacunosa,TRUE,1
GCF_022497035.1,Fungi;Ascomycota;Sordariomycetes;Xylariales;Hypoxylaceae;Daldinia;Daldinia vernicosa,TRUE,1
GCA_022495125.1,Fungi;Ascomycota;Sordariomycetes;Xylariales;Xylariaceae;Xylaria;Xylaria acuta,TRUE,1
GCA_022385715.1,Fungi;Ascomycota;Sordariomycetes;Xylariales;Xylariaceae;Xylaria;Xylaria cubensis,TRUE,1
GCA_002865655.1,Fungi;Ascomycota;Leotiomycetes;Helotiales;Hyaloscyphaceae;Hyaloscypha;Hyaloscypha variabilis,TRUE,1
GCF_000687475.1,Fungi;Ascomycota;Sordariomycetes;Hypocreales;Clavicipitaceae;Ustilaginoidea;Ustilaginoidea virens,TRUE,1
GCA_018902385.1,Fungi;Ascomycota;Lecanoromycetes;Caliciales;Physciaceae;Physcia;Physcia stellaris,FALSE,0
GCF_000281105.1,Fungi;Ascomycota;Dothideomycetes;NA;NA;Coniosporium;Coniosporium apollinis,TRUE,1
GCA_013368375.1,Fungi;Basidiomycota;Agaricomycetes;Agaricales;Lyophyllaceae;Tricholomella;Tricholomella constricta,FALSE,0
GCA_018282005.1,Fungi;Basidiomycota;Agaricomycetes;Agaricales;Lyophyllaceae;Asterophora;Asterophora parasitica,TRUE,1
GCF_033439665.1,Fungi;Ascomycota;Sordariomycetes;Sordariales;Chaetomiaceae;Chaetomium;Chaetomium strumarium,TRUE,2
GCA_030867245.1,Fungi;Ascomycota;Sordariomycetes;Glomerellales;Glomerellaceae;Colletotrichum;Colletotrichum eremochloae,TRUE,1
GCF_003444635.1,Fungi;Ascomycota;Pezizomycetes;Pezizales;Morchellaceae;Morchella;Morchella importuna,TRUE,1
GCF_000280035.1,Fungi;Microsporidia;NA;NA;Unikaryonidae;Encephalitozoon;Encephalitozoon romaleae,FALSE,0
GCA_006535965.1,Fungi;Chytridiomycota;Chytridiomycetes;Spizellomycetales;Spizellomycetaceae;Spizellomyces;Spizellomyces sp. 'palustris',TRUE,1
GCF_000585565.1,Fungi;Ascomycota;Eurotiomycetes;Chaetothyriales;Herpotrichiellaceae;Capronia;Capronia epimyces,TRUE,1
GCF_000585535.1,Fungi;Ascomycota;Eurotiomycetes;Chaetothyriales;Herpotrichiellaceae;Cladophialophora;Cladophialophora psammophila,TRUE,2
GCF_000709125.1,Fungi;Ascomycota;Eurotiomycetes;Chaetothyriales;Herpotrichiellaceae;Exophiala;Exophiala aquamarina,TRUE,1
GCF_013036055.1,Fungi;Ascomycota;Dothideomycetes;Pleosporales;Pleosporaceae;Alternaria;Alternaria burnsii,TRUE,1
GCF_024291825.1,Fungi;Ascomycota;Dothideomycetes;Pleosporales;Pleosporaceae;Alternaria;Alternaria postmessia,TRUE,1
GCF_020736505.1,Fungi;Ascomycota;Dothideomycetes;Pleosporales;Pleosporaceae;Alternaria;Alternaria rosae,TRUE,1
GCA_014281905.1,Fungi;Ascomycota;Eurotiomycetes;Eurotiales;Aspergillaceae;Aspergillus;Aspergillus hiratsukae,TRUE,1
GCA_020002365.1,Fungi;Ascomycota;Sordariomycetes;Hypocreales;Hypocreaceae;Trichoderma;Trichoderma gracile,TRUE,1
GCF_001896365.1,Fungi;Ascomycota;Eurotiomycetes;Eurotiales;Trichocomaceae;Talaromyces;Talaromyces amestolkiae,TRUE,1
GCA_001929475.1,Fungi;Ascomycota;Neolectomycetes;Neolectales;Neolectaceae;Neolecta;Neolecta irregularis,TRUE,1
GCF_024610275.1,Fungi;Ascomycota;Pichiomycetes;Serinales;Debaryomycetaceae;Candida;Candida theae,TRUE,1
GCF_030913485.1,Fungi;Ascomycota;Sordariomycetes;Glomerellales;Glomerellaceae;Colletotrichum;Colletotrichum godetiae,TRUE,1
GCA_030413865.1,Fungi;Ascomycota;Sordariomycetes;Glomerellales;Glomerellaceae;Colletotrichum;Colletotrichum limetticola,TRUE,1
GCA_030868995.1,Fungi;Ascomycota;Sordariomycetes;Glomerellales;Glomerellaceae;Colletotrichum;Colletotrichum melonis,TRUE,1
GCF_011075155.1,Fungi;Ascomycota;Sordariomycetes;Glomerellales;Glomerellaceae;Colletotrichum;Colletotrichum scovillei,TRUE,1
GCF_030869305.1,Fungi;Ascomycota;Sordariomycetes;Glomerellales;Glomerellaceae;Colletotrichum;Colletotrichum tamarilloi,TRUE,1
GCA_001969505.1,Fungi;Zoopagomycota;Harpellomycetes;Harpellales;Legeriomycetaceae;Zancudomyces;Zancudomyces culisetae,FALSE,0
GCA_000350065.2,Fungi;Ascomycota;Sordariomycetes;Glomerellales;Glomerellaceae;Colletotrichum;Colletotrichum orbiculare,TRUE,1
GCF_000319635.2,Fungi;Ascomycota;Sordariomycetes;Glomerellales;Glomerellaceae;Colletotrichum;Colletotrichum fructicola,TRUE,1
GCA_910592015.1,Fungi;Mucoromycota;Glomeromycetes;Diversisporales;Diversisporaceae;Diversispora;Diversispora eburnea,TRUE,1
GCF_026229845.1,Fungi;Ascomycota;Sordariomycetes;Diaporthales;Diaporthaceae;Diaporthe;Diaporthe amygdali,TRUE,1
GCF_013390185.1,Fungi;Ascomycota;Sordariomycetes;Glomerellales;Glomerellaceae;Colletotrichum;Colletotrichum aenigma,TRUE,1
GCF_013368755.1,Fungi;Ascomycota;Eurotiomycetes;Eurotiales;Trichocomaceae;Talaromyces;Talaromyces rugulosus,TRUE,1
GCF_003426965.1,Fungi;Ascomycota;Eurotiomycetes;Eurotiales;Aspergillaceae;Aspergillus;Aspergillus tanneri,TRUE,2
GCF_016861865.1,Fungi;Ascomycota;Eurotiomycetes;Eurotiales;Aspergillaceae;Aspergillus;Aspergillus puulaauensis,TRUE,2
GCF_000365145.1,Fungi;Ascomycota;Eurotiomycetes;Chaetothyriales;Cyphellophoraceae;Cyphellophora;Cyphellophora europaea,TRUE,1
GCA_003795295.1,Fungi;Ascomycota;Sordariomycetes;Diaporthales;Valsaceae;Cytospora;Cytospora leucostoma,TRUE,1
GCF_000349305.1,Fungi;Basidiomycota;Malasseziomycetes;Malasseziales;Malasseziaceae;Malassezia;Malassezia sympodialis,FALSE,0
GCA_900074735.1,Fungi;Ascomycota;Saccharomycetes;Saccharomycetales;Saccharomycetaceae;Lachancea;Lachancea sp. 'fantastica',TRUE,1
GCA_900074745.1,Fungi;Ascomycota;Saccharomycetes;Saccharomycetales;Saccharomycetaceae;Lachancea;Lachancea mirantina,TRUE,1
GCF_002926085.2,Fungi;Ascomycota;Pichiomycetes;Serinales;Metschnikowiaceae;Candidozyma;Candidozyma duobushaemuli,TRUE,2
GCA_027945595.1,Fungi;Ascomycota;Sordariomycetes;Hypocreales;Nectriaceae;Fusarium;Fusarium torreyae,TRUE,1
GCA_002234965.2,Fungi;Ascomycota;Eurotiomycetes;Eurotiales;Aspergillaceae;Aspergillus;Aspergillus turcosus,TRUE,1
GCF_000938715.1,Fungi;Ascomycota;Saccharomycetes;Saccharomycetales;Saccharomycetaceae;Lachancea;Lachancea lanzarotensis,TRUE,1
GCA_008704415.1,Fungi;Ascomycota;Pezizomycetes;Pezizales;Pyronemataceae;Sphaerosporella;Sphaerosporella brunnea,TRUE,1
GCF_000464535.1,Fungi;Ascomycota;Eurotiomycetes;Verrucariales;Verrucariaceae;Endocarpon;Endocarpon pusillum,TRUE,1
GCA_900074755.1,Fungi;Ascomycota;Saccharomycetes;Saccharomycetales;Saccharomycetaceae;Lachancea;Lachancea nothofagi,TRUE,1
GCA_900074715.1,Fungi;Ascomycota;Saccharomycetes;Saccharomycetales;Saccharomycetaceae;Lachancea;Lachancea meyersii,TRUE,1
GCF_000417875.1,Fungi;Basidiomycota;Ustilaginomycetes;Ustilaginales;Ustilaginaceae;Pseudozyma;Pseudozyma flocculosa,TRUE,1
GCF_000365165.1,Fungi;Ascomycota;Eurotiomycetes;Chaetothyriales;Herpotrichiellaceae;Cladophialophora;Cladophialophora carrionii,TRUE,1
GCF_003144205.1,Fungi;Basidiomycota;Exobasidiomycetes;Exobasidiales;Brachybasidiaceae;Meira;Meira miltonrushii,TRUE,1
GCA_027595825.1,Fungi;Zoopagomycota;Kickxellomycetes;Kickxellales;Kickxellaceae;Coemansia;Coemansia biformis,TRUE,1
GCA_027579315.1,Fungi;Zoopagomycota;Kickxellomycetes;Kickxellales;Kickxellaceae;Coemansia;Coemansia helicoidea,TRUE,1
GCF_000392275.1,Fungi;Ascomycota;Sordariomycetes;Togniniales;Togniniaceae;Phaeoacremonium;Phaeoacremonium minimum,TRUE,1
GCA_000385875.2,Fungi;Microsporidia;NA;NA;Tubulinosematidae;Anncaliia;Anncaliia algerae,FALSE,0
GCA_018360215.1,Fungi;Ascomycota;Sordariomycetes;Hypocreales;Clavicipitaceae;Claviceps;Claviceps spartinae,TRUE,1
GCA_022813945.1,Fungi;Ascomycota;Lecanoromycetes;Trapeliales;Trapeliaceae;Trapelia;Trapelia coarctata,FALSE,0
GCF_000512605.2,Fungi;Basidiomycota;Tremellomycetes;Tremellales;Cryptococcaceae;Kwoniella;Kwoniella pini,TRUE,1
GCF_000835755.1,Fungi;Basidiomycota;Tremellomycetes;Tremellales;Cryptococcaceae;Cryptococcus;Cryptococcus tetragattii,TRUE,1
GCF_000512565.2,Fungi;Basidiomycota;Tremellomycetes;Tremellales;Cryptococcaceae;Kwoniella;Kwoniella dejecticola,TRUE,1
GCF_000400465.1,Fungi;Basidiomycota;Wallemiomycetes;Wallemiales;Wallemiaceae;Wallemia;Wallemia ichthyophaga,TRUE,1
GCA_023646635.1,Fungi;Ascomycota;Lecanoromycetes;Teloschistales;Teloschistaceae;Flavoplaca;Flavoplaca oasis,TRUE,1
GCA_023646125.1,Fungi;Ascomycota;Lecanoromycetes;Teloschistales;Teloschistaceae;Gyalolechia;Gyalolechia ehrenbergii,TRUE,1
GCA_023645975.1,Fungi;Ascomycota;Lecanoromycetes;Teloschistales;Teloschistaceae;Usnochroma;Usnochroma carphineum,TRUE,1
GCA_023645955.1,Fungi;Ascomycota;Lecanoromycetes;Teloschistales;Teloschistaceae;Variospora;Variospora aurantia,FALSE,0
GCA_000465215.2,Fungi;Ascomycota;Dothideomycetes;Pleosporales;Pleosporaceae;Pyrenophora;Pyrenophora seminiperda,TRUE,1
GCA_948474695.1,Fungi;Ascomycota;Dothideomycetes;Pleosporales;Periconiaceae;Periconia;Periconia digitata,TRUE,1
GCA_028827375.1,Fungi;Ascomycota;Eurotiomycetes;Eurotiales;Aspergillaceae;Penicillium;Penicillium desertorum,TRUE,1
GCA_001541205.1,Fungi;Basidiomycota;Microbotryomycetes;Sporidiobolales;Sporidiobolaceae;Rhodotorula;Rhodotorula sp. JG-1b,TRUE,1
GCF_000403515.1,Fungi;Basidiomycota;Ustilaginomycetes;Ustilaginales;Ustilaginaceae;Pseudozyma;Pseudozyma hubeiensis,TRUE,1
GCA_025594325.1,Fungi;Blastocladiomycota;Blastocladiomycetes;Blastocladiales;Blastocladiaceae;Blastocladiella;Blastocladiella emersonii,FALSE,0
GCA_001692735.1,Fungi;Ascomycota;Dothideomycetes;Mytilinidiales;Argynnaceae;Lepidopterella;Lepidopterella palustris,TRUE,1
GCA_001632445.1,Fungi;Basidiomycota;Agaricomycetes;Russulales;Peniophoraceae;Peniophora;Peniophora sp. CONT,TRUE,1
GCA_014925785.1,Fungi;Basidiomycota;Agaricomycetes;Agaricales;Mycenaceae;Mycena;Mycena galopus,TRUE,2
GCA_014904905.1,Fungi;Ascomycota;Pezizomycetes;Pezizales;Pyronemataceae;Wilcoxina;Wilcoxina mikolae,TRUE,1
GCF_025399195.1,Fungi;Mucoromycota;Umbelopsidomycetes;Umbelopsidales;Umbelopsidaceae;Umbelopsis;Umbelopsis ramanniana,TRUE,1
GCA_001630475.1,Fungi;Basidiomycota;Agaricomycetes;Trechisporales;NA;Sertulicium;Sertulicium niveocremeum,TRUE,1
GCA_004369055.1,Fungi;Basidiomycota;Agaricomycetes;Polyporales;Polyporaceae;Polyporus;Polyporus arcularius,FALSE,0
GCA_010093925.1,Fungi;Ascomycota;Dothideomycetes;NA;Zopfiaceae;Zopfia;Zopfia rhizophila,TRUE,1
GCA_010093745.1,Fungi;Ascomycota;Dothideomycetes;Capnodiales;Piedraiaceae;Piedraia;Piedraia hortae,TRUE,1
GCA_001632375.1,Fungi;Basidiomycota;Agaricomycetes;Auriculariales;Exidiaceae;Exidia;Exidia glandulosa,TRUE,1
GCA_001632425.1,Fungi;Basidiomycota;Agaricomycetes;Gloeophyllales;Gloeophyllaceae;Neolentinus;Neolentinus lepideus,TRUE,1
GCA_022160315.1,Fungi;Basidiomycota;Agaricomycetes;Polyporales;Panaceae;Panus;Panus rudis,TRUE,1
GCF_010015565.1,Fungi;Ascomycota;Dothideomycetes;Mycosphaerellales;Dissoconiaceae;Dissoconium;Dissoconium aciculare,TRUE,1
GCA_025094155.1,Fungi;Mucoromycota;Mucoromycetes;Mucorales;Lichtheimiaceae;Lichtheimia;Lichtheimia hyalospora,TRUE,1
GCA_025603075.1,Fungi;Zoopagomycota;Entomophthoromycetes;Entomophthorales;Ancylistaceae;Neoconidiobolus;Neoconidiobolus thromboides,TRUE,1
GCA_010093585.1,Fungi;Ascomycota;Dothideomycetes;Pleosporales;Melanommataceae;Melanomma;Melanomma pulvis-pyrius,TRUE,1
GCA_022160365.1,Fungi;Basidiomycota;Agaricomycetes;Russulales;Lachnocladiaceae;Vararia;Vararia minispora,TRUE,1
GCA_910591775.1,Fungi;Mucoromycota;Glomeromycetes;Diversisporales;Gigasporaceae;Dentiscutata;Dentiscutata heterogama,TRUE,1
GCF_028828155.1,Fungi;Ascomycota;Eurotiomycetes;Eurotiales;Aspergillaceae;Penicillium;Penicillium subrubescens,TRUE,2
GCA_007821475.1,Fungi;Ascomycota;Leotiomycetes;Helotiales;Lachnaceae;Lachnellula;Lachnellula arida,TRUE,1
GCF_009193445.1,Fungi;Ascomycota;Eurotiomycetes;Eurotiales;Aspergillaceae;Aspergillus;Aspergillus pseudotamarii,TRUE,3
GCF_028827825.1,Fungi;Ascomycota;Eurotiomycetes;Eurotiales;Aspergillaceae;Penicillium;Penicillium malachiteum,TRUE,1
GCA_014461125.1,Fungi;Basidiomycota;Agaricomycetes;Agaricales;Mycenaceae;Mycena;Mycena kentingensis (nom. inval.),FALSE,0
GCA_019364595.1,Fungi;Basidiomycota;Agaricomycetes;Boletales;Boletaceae;Butyriboletus;Butyriboletus roseoflavus,TRUE,1
GCA_003947005.1,Fungi;Ascomycota;Sordariomycetes;Hypocreales;Nectriaceae;Fusarium;Fusarium floridanum,TRUE,1
GCA_003946985.1,Fungi;Ascomycota;Sordariomycetes;Hypocreales;Nectriaceae;Fusarium;Fusarium duplospermum,TRUE,1
GCA_003947015.1,Fungi;Ascomycota;Sordariomycetes;Hypocreales;Nectriaceae;Fusarium;Fusarium sp. AF-6,TRUE,1
GCA_015179015.1,Fungi;Basidiomycota;Agaricomycetes;Boletales;Boletaceae;Boletus;Boletus edulis,TRUE,2
GCA_025266875.1,Fungi;Mucoromycota;Mucoromycetes;Mucorales;Lichtheimiaceae;Fennellomyces;Fennellomyces sp. T-0311,TRUE,2
GCA_001630345.1,Fungi;Basidiomycota;Dacrymycetes;Dacrymycetales;Dacrymycetaceae;Calocera;Calocera viscosa,TRUE,1
GCA_003097675.1,Fungi;Zoopagomycota;Harpellomycetes;Harpellales;Legeriomycetaceae;Smittium;Smittium angustum,FALSE,0
GCA_001953115.1,Fungi;Zoopagomycota;Harpellomycetes;Harpellales;Legeriomycetaceae;Smittium;Smittium mucronatum,FALSE,0
GCA_003788595.2,Fungi;Ascomycota;Pezizomycetes;Pezizales;Tuberaceae;Choiromyces;Choiromyces venosus,TRUE,1
GCF_038497685.1,Fungi;Ascomycota;Lipomycetes;Lipomycetales;Lipomycetaceae;Kockiozyma;Kockiozyma suomiensis,TRUE,1
GCF_038363865.1,Fungi;Ascomycota;Sordariomycetes;Xylariales;Apiosporaceae;Apiospora;Apiospora hydei,TRUE,1
GCA_042464665.1,Fungi;Ascomycota;Lecanoromycetes;Lecanorales;Stereocaulaceae;Lepraria;Lepraria finkii,TRUE,1
GCA_010093795.1,Fungi;Ascomycota;Dothideomycetes;Pleosporales;Sporormiaceae;Sporormia;Sporormia fimetaria,TRUE,1
GCF_003344945.1,Fungi;Ascomycota;Eurotiomycetes;Eurotiales;Aspergillaceae;Aspergillus;Aspergillus welwitschiae,TRUE,1
GCA_022750515.1,Fungi;Mucoromycota;Mortierellomycetes;Mortierellales;Mortierellaceae;Mortierella;Mortierella claussenii,TRUE,1
GCA_003547095.1,Fungi;Mucoromycota;Glomeromycetes;Diversisporales;Diversisporaceae;Diversispora;Diversispora epigaea,TRUE,2
GCA_910591965.1,Fungi;Mucoromycota;Glomeromycetes;Diversisporales;Gigasporaceae;Dentiscutata;Dentiscutata erythropus,FALSE,0
GCF_011074865.1,Fungi;Ascomycota;Pichiomycetes;Pichiales;Pichiaceae;Brettanomyces;Brettanomyces nanus,TRUE,1
GCA_004681135.1,Fungi;Basidiomycota;Agaricomycetes;Russulales;Hericiaceae;Hericium;Hericium alpestre,FALSE,0
GCA_003344505.1,Fungi;Ascomycota;Eurotiomycetes;Eurotiales;Aspergillaceae;Aspergillus;Aspergillus phoenicis,TRUE,2
GCA_002092935.1,Fungi;Basidiomycota;Agaricomycetes;Polyporales;Polyporaceae;Trametes;Trametes coccinea,TRUE,1
GCA_001632435.1,Fungi;Basidiomycota;Dacrymycetes;Dacrymycetales;Dacrymycetaceae;Calocera;Calocera cornea,TRUE,1
GCF_000803265.1,Fungi;Microsporidia;NA;NA;Ordosporidae;Ordospora;Ordospora colligata,FALSE,0
GCA_002006685.2,Fungi;Chytridiomycota;Chytridiomycetes;Rhizophydiales;NA;Batrachochytrium;Batrachochytrium salamandrivorans,FALSE,0
GCF_000497045.1,Fungi;Basidiomycota;Ustilaginomycetes;Ustilaginales;Ustilaginaceae;Kalmanozyma;Kalmanozyma brasiliensis,TRUE,1
GCF_001651985.1,Fungi;Ascomycota;Eurotiomycetes;Chaetothyriales;Herpotrichiellaceae;Fonsecaea;Fonsecaea erecta,TRUE,1
GCF_020536065.1,Fungi;Ascomycota;Pichiomycetes;Pichiales;Pichiaceae;Ogataea;Ogataea philodendri,TRUE,1
GCF_001653235.2,Fungi;Ascomycota;Sordariomycetes;Hypocreales;Clavicipitaceae;Pochonia;Pochonia chlamydosporia,TRUE,1
GCA_040143865.1,Fungi;Ascomycota;Sordariomycetes;Xylariales;Sporocadaceae;Seiridium;Seiridium cardinale,TRUE,1
GCA_039778275.1,Fungi;Ascomycota;Sordariomycetes;Xylariales;Sporocadaceae;Seiridium;Seiridium unicorne,TRUE,1
GCA_029542865.1,Fungi;Basidiomycota;Malasseziomycetes;Malasseziales;Malasseziaceae;Malassezia;Malassezia equina,TRUE,1
GCA_009193565.1,Fungi;Ascomycota;Eurotiomycetes;Eurotiales;Aspergillaceae;Aspergillus;Aspergillus coremiiformis,TRUE,1
GCA_022376465.1,Fungi;Basidiomycota;Agaricomycetes;Polyporales;Polyporaceae;Cubamyces;Cubamyces lactineus,TRUE,1
GCF_010015815.1,Fungi;Ascomycota;Dothideomycetes;Pleosporales;Dothidotthiaceae;Dothidotthia;Dothidotthia symphoricarpi,TRUE,1
GCA_010015725.1,Fungi;Ascomycota;Dothideomycetes;Pleosporales;Amniculicolaceae;Amniculicola;Amniculicola lignicola,TRUE,1
GCF_002847485.1,Fungi;Ascomycota;Eurotiomycetes;Eurotiales;Aspergillaceae;Aspergillus;Aspergillus campestris,TRUE,1
GCF_002849105.1,Fungi;Ascomycota;Eurotiomycetes;Eurotiales;Aspergillaceae;Aspergillus;Aspergillus steynii,TRUE,1
GCF_002847465.1,Fungi;Ascomycota;Eurotiomycetes;Eurotiales;Aspergillaceae;Aspergillus;Aspergillus novofumigatus,TRUE,1
GCF_002846915.1,Fungi;Ascomycota;Eurotiomycetes;Eurotiales;Aspergillaceae;Aspergillus;Aspergillus ochraceoroseus,TRUE,1
GCA_015179025.1,Fungi;Ascomycota;Pezizomycetes;Pezizales;Pezizaceae;Terfezia;Terfezia claveryi,TRUE,1
GCF_014898295.1,Fungi;Ascomycota;Leotiomycetes;Helotiales;Sclerotiniaceae;Botrytis;Botrytis byssoidea,TRUE,1
GCF_025526975.1,Fungi;Chytridiomycota;Chytridiomycetes;Spizellomycetales;Powellomycetaceae;Fimicolochytrium;Fimicolochytrium jonesii,TRUE,1
GCA_022814265.1,Fungi;Ascomycota;Lecanoromycetes;Baeomycetales;Xylographaceae;Lambiella;Lambiella insularis,FALSE,0
GCF_000961545.1,Fungi;Ascomycota;Sordariomycetes;Ophiostomatales;Ophiostomataceae;Sporothrix;Sporothrix schenckii,TRUE,1
GCF_003851025.1,Fungi;Basidiomycota;Agaricomycetes;Polyporales;Sparassidaceae;Sparassis;Sparassis crispa,TRUE,1
GCF_001477545.1,Fungi;Ascomycota;Pneumocystomycetes;Pneumocystales;Pneumocystaceae;Pneumocystis;Pneumocystis carinii,FALSE,0
GCA_000750755.1,Fungi;Ascomycota;Leotiomycetes;Thelebolales;Thelebolaceae;Pseudogymnoascus;Pseudogymnoascus sp. VKM F-4513 (FW-928),TRUE,1
GCA_000750805.1,Fungi;Ascomycota;Leotiomycetes;Thelebolales;Thelebolaceae;Pseudogymnoascus;Pseudogymnoascus sp. VKM F-4515 (FW-2607),FALSE,0
GCA_000750815.1,Fungi;Ascomycota;Leotiomycetes;Thelebolales;Thelebolaceae;Pseudogymnoascus;Pseudogymnoascus sp. VKM F-4516 (FW-969),TRUE,1
GCA_000750875.1,Fungi;Ascomycota;Leotiomycetes;Thelebolales;Thelebolaceae;Pseudogymnoascus;Pseudogymnoascus sp. VKM F-4517 (FW-2822),FALSE,0
GCA_000750895.1,Fungi;Ascomycota;Leotiomycetes;Thelebolales;Thelebolaceae;Pseudogymnoascus;Pseudogymnoascus sp. VKM F-103,FALSE,0
GCA_000750925.1,Fungi;Ascomycota;Leotiomycetes;Thelebolales;Thelebolaceae;Pseudogymnoascus;Pseudogymnoascus sp. VKM F-4518 (FW-2643),TRUE,1
GCA_030039245.1,Fungi;Basidiomycota;Tremellomycetes;Filobasidiales;Filobasidiaceae;Naganishia;Naganishia vaughanmartiniae,FALSE,0
GCA_000503235.1,Fungi;Ascomycota;Leotiomycetes;Helotiales;Sclerotiniaceae;Sclerotinia;Sclerotinia borealis,TRUE,1
GCA_000750665.1,Fungi;Ascomycota;Leotiomycetes;Thelebolales;Thelebolaceae;Pseudogymnoascus;Pseudogymnoascus sp. VKM F-3557,TRUE,1
GCA_949357655.1,Fungi;Ascomycota;Sordariomycetes;Microascales;Microascaceae;Parascedosporium;Parascedosporium putredinis,TRUE,1
GCA_023646055.1,Fungi;Ascomycota;Lecanoromycetes;Teloschistales;Teloschistaceae;Teloschistes;Teloschistes chrysophthalmus,TRUE,1
GCA_910592205.1,Fungi;Mucoromycota;Glomeromycetes;Paraglomerales;Paraglomeraceae;Paraglomus;Paraglomus occultum,TRUE,1
GCA_001883825.1,Fungi;Ascomycota;Eurotiomycetes;Onygenales;Ajellomycetaceae;Emergomyces;Emergomyces pasteurianus,TRUE,1
GCA_002573585.1,Fungi;Ascomycota;Eurotiomycetes;Onygenales;Ajellomycetaceae;Helicocarpus;Helicocarpus griseus,TRUE,1
GCA_010015655.1,Fungi;Ascomycota;Dothideomycetes;Pleosporales;Didymosphaeriaceae;Bimuria;Bimuria novae-zelandiae,TRUE,1
GCA_009733575.1,Fungi;Basidiomycota;Agaricomycetes;Agaricales;Omphalotaceae;Gymnopus;Gymnopus androsaceus,TRUE,1
GCF_003184625.1,Fungi;Ascomycota;Eurotiomycetes;Eurotiales;Aspergillaceae;Aspergillus;Aspergillus neoniger,TRUE,1
GCF_003184755.1,Fungi;Ascomycota;Eurotiomycetes;Eurotiales;Aspergillaceae;Aspergillus;Aspergillus piperis,TRUE,1
GCF_003184745.1,Fungi;Ascomycota;Eurotiomycetes;Eurotiales;Aspergillaceae;Aspergillus;Aspergillus uvarum,TRUE,1
GCF_003184825.1,Fungi;Ascomycota;Eurotiomycetes;Eurotiales;Aspergillaceae;Aspergillus;Aspergillus fijiensis,TRUE,1
GCA_003184645.1,Fungi;Ascomycota;Eurotiomycetes;Eurotiales;Aspergillaceae;Aspergillus;Aspergillus ellipticus,TRUE,1
GCF_003184545.1,Fungi;Ascomycota;Eurotiomycetes;Eurotiales;Aspergillaceae;Aspergillus;Aspergillus heteromorphus,TRUE,1
GCF_003184695.1,Fungi;Ascomycota;Eurotiomycetes;Eurotiales;Aspergillaceae;Aspergillus;Aspergillus brunneoviolaceus,TRUE,1
GCA_003184705.1,Fungi;Ascomycota;Eurotiomycetes;Eurotiales;Aspergillaceae;Aspergillus;Aspergillus violaceofuscus,TRUE,1
GCF_003184585.1,Fungi;Ascomycota;Eurotiomycetes;Eurotiales;Aspergillaceae;Aspergillus;Aspergillus saccharolyticus,TRUE,1
GCA_003184685.1,Fungi;Ascomycota;Eurotiomycetes;Eurotiales;Aspergillaceae;Aspergillus;Aspergillus indologenus,TRUE,1
GCA_021432605.1,Fungi;Ascomycota;Sordariomycetes;Coniochaetales;Coniochaetaceae;Coniochaeta;Coniochaeta sp. PMI_546,TRUE,2
GCA_026026765.1,Fungi;Ascomycota;Candelariomycetes;Candelariales;Pycnoraceae;Pycnora;Pycnora praestabilis,TRUE,1
GCA_022813785.1,Fungi;Ascomycota;Lecanoromycetes;Baeomycetales;Xylographaceae;Xylographa;Xylographa trunciseda,FALSE,0
GCF_023278565.1,Fungi;Ascomycota;Sordariomycetes;Glomerellales;Glomerellaceae;Colletotrichum;Colletotrichum lupini,TRUE,1
GCF_001642045.1,Fungi;Ascomycota;Dothideomycetes;Pleosporales;Didymosphaeriaceae;Paraphaeosphaeria;Paraphaeosphaeria sporulosa,TRUE,2
GCA_010093685.1,Fungi;Ascomycota;Dothideomycetes;Pleosporales;Phaeosphaeriaceae;Ophiobolus;Ophiobolus disseminans,TRUE,1
GCA_010094045.1,Fungi;Ascomycota;Dothideomycetes;Pleosporales;NA;Lojkania;Lojkania enalia,TRUE,1
GCF_000760515.2,Fungi;Microsporidia;NA;NA;NA;Mitosporidium;Mitosporidium daphniae,TRUE,1
GCA_041956415.1,Fungi;Ascomycota;Sordariomycetes;Sordariales;Chaetomiaceae;Chaetomium;Chaetomium olivicolor,TRUE,1
GCA_041956425.1,Fungi;Ascomycota;Sordariomycetes;Sordariales;Chaetomiaceae;Humicola;Humicola hyalothermophila,TRUE,1
GCF_001500285.1,Fungi;Ascomycota;Leotiomycetes;Helotiales;Mollisiaceae;Mollisia;Mollisia scopiformis,TRUE,1
GCA_020045945.2,Fungi;Ascomycota;Sordariomycetes;Hypocreales;Hypocreaceae;Trichoderma;Trichoderma semiorbis,TRUE,1
GCA_002022785.1,Fungi;Ascomycota;Sordariomycetes;Hypocreales;Hypocreaceae;Trichoderma;Trichoderma guizhouense,TRUE,1
GCA_019565615.1,Fungi;Ascomycota;Sordariomycetes;Hypocreales;Hypocreaceae;Trichoderma;Trichoderma simmonsii,TRUE,1
GCA_010015805.1,Fungi;Ascomycota;Dothideomycetes;Aulographales;Rhizodiscinaceae;Rhizodiscina;Rhizodiscina lignyota,TRUE,1
GCA_021432635.1,Fungi;Ascomycota;Sordariomycetes;Chaetosphaeriales;Chaetosphaeriaceae;Thozetella;Thozetella sp. PMI_491,TRUE,1
GCA_035135055.1,Fungi;Ascomycota;Dothideomycetes;Mycosphaerellales;Teratosphaeriaceae;Oleoguttula;Oleoguttula mirabilis,TRUE,1
GCA_002077065.1,Fungi;Ascomycota;Dothideomycetes;Cladosporiales;Cladosporiaceae;Cryoendolithus;Cryoendolithus antarcticus,TRUE,1
GCA_035927975.1,Fungi;Ascomycota;Dothideomycetes;Cladosporiales;Cladosporiaceae;Rachicladosporium;Rachicladosporium monterosium,TRUE,1
GCA_015178975.1,Fungi;Basidiomycota;Agaricomycetes;Hysterangiales;Hysterangiaceae;Hysterangium;Hysterangium stoloniferum,TRUE,1
GCA_023645945.1,Fungi;Ascomycota;Lecanoromycetes;Ostropales;Graphidaceae;Diploschistes;Diploschistes diacapsis,TRUE,1
GCA_022385745.1,Fungi;Basidiomycota;Agaricomycetes;Polyporales;Polyporaceae;Cubamyces;Cubamyces sp. BRFM 1775,TRUE,1
GCA_010093945.1,Fungi;Ascomycota;Dothideomycetes;Pleosporales;Delitschiaceae;Delitschia;Delitschia confertaspora,TRUE,1
GCA_022984865.1,Fungi;Ascomycota;Sordariomycetes;Xylariales;Hypoxylaceae;Hypomontagnella;Hypomontagnella submonticulosa,TRUE,1
GCA_001662575.1,Fungi;Ascomycota;Leotiomycetes;Thelebolales;Thelebolaceae;Pseudogymnoascus;Pseudogymnoascus sp. 23342-1-I1,TRUE,1
GCA_015178925.1,Fungi;Basidiomycota;Agaricomycetes;Russulales;Russulaceae;Russula;Russula emetica,TRUE,1
GCA_000825705.1,Fungi;Ascomycota;Sordariomycetes;Hypocreales;Clavicipitaceae;NA;[Torrubiella] hemipterigena,TRUE,1
GCA_033296905.1,Fungi;Ascomycota;Sordariomycetes;Sordariales;Podosporaceae;Podospora;Podospora australis,TRUE,1
GCA_030435615.1,Fungi;Basidiomycota;Agaricomycetes;Agaricales;Physalacriaceae;Armillaria;Armillaria luteobubalina,TRUE,1
GCA_001895945.1,Fungi;Basidiomycota;Agaricomycetes;Polyporales;Polyporaceae;Trametes;Trametes pubescens,TRUE,1
GCF_038497645.1,Fungi;Ascomycota;Lipomycetes;Lipomycetales;Lipomycetaceae;Lipomyces;Lipomyces chichibuensis,TRUE,2
GCA_004154925.1,Fungi;Ascomycota;Sordariomycetes;Xylariales;NA;Monosporascus;Monosporascus cannonballus,TRUE,1
GCF_028828015.1,Fungi;Ascomycota;Eurotiomycetes;Eurotiales;Aspergillaceae;Penicillium;Penicillium pulvis,TRUE,1
GCF_028828195.1,Fungi;Ascomycota;Eurotiomycetes;Eurotiales;Aspergillaceae;Penicillium;Penicillium verhagenii,TRUE,1
GCA_013781345.1,Fungi;Ascomycota;Sordariomycetes;Hypocreales;Nectriaceae;Fusarium;Fusarium coicis,TRUE,1
GCF_003144245.1,Fungi;Basidiomycota;Exobasidiomycetes;Microstromatales;NA;Jaminaea;Jaminaea rosea,TRUE,1
GCA_001625285.1,Fungi;Ascomycota;Sordariomycetes;Glomerellales;Glomerellaceae;Colletotrichum;Colletotrichum incanum,TRUE,1
GCA_001006345.1,Fungi;Ascomycota;Eurotiomycetes;Phaeomoniellales;Phaeomoniellaceae;Phaeomoniella;Phaeomoniella chlamydospora,TRUE,1
GCA_022813845.1,Fungi;Ascomycota;Lecanoromycetes;Baeomycetales;Xylographaceae;Xylographa;Xylographa pallens,FALSE,0
GCA_022813885.1,Fungi;Ascomycota;Lecanoromycetes;Baeomycetales;Xylographaceae;Xylographa;Xylographa carneopallida,FALSE,0
GCA_902141235.2,Fungi;Ascomycota;Sordariomycetes;Hypocreales;Bionectriaceae;Clonostachys;Clonostachys solani,TRUE,1
GCA_902006505.2,Fungi;Ascomycota;Sordariomycetes;Hypocreales;Bionectriaceae;Clonostachys;Clonostachys byssicola,TRUE,1
GCA_000836255.1,Fungi;Ascomycota;Dothideomycetes;NA;NA;NA;Dothideomycetidae sp. 11243,TRUE,1
GCA_021176775.1,Fungi;Ascomycota;Sordariomycetes;Hypocreales;Sarocladiaceae;Sarocladium;Sarocladium implicatum,TRUE,1
GCA_911197225.1,Fungi;Ascomycota;Eurotiomycetes;Eurotiales;Aspergillaceae;Penicillium;Penicillium salamii,TRUE,1
GCA_001662585.1,Fungi;Ascomycota;Leotiomycetes;Thelebolales;Thelebolaceae;Pseudogymnoascus;Pseudogymnoascus sp. WSF 3629,TRUE,1
GCA_001662605.1,Fungi;Ascomycota;Leotiomycetes;Thelebolales;Thelebolaceae;Pseudogymnoascus;Pseudogymnoascus sp. 05NY08,TRUE,1
GCA_001600855.1,Fungi;Basidiomycota;Tremellomycetes;Tremellales;Trimorphomycetaceae;Saitozyma;Saitozyma sp. JCM 24511,TRUE,1
GCA_026023695.1,Fungi;Ascomycota;Coniocybomycetes;Coniocybales;Coniocybaceae;Chaenotheca;Chaenotheca gracillima,TRUE,1
GCA_018360065.1,Fungi;Ascomycota;Sordariomycetes;Hypocreales;Clavicipitaceae;Claviceps;Claviceps pazoutovae,TRUE,1
GCA_018360045.1,Fungi;Ascomycota;Sordariomycetes;Hypocreales;Clavicipitaceae;Claviceps;Claviceps capensis,TRUE,1
GCF_022829205.1,Fungi;Ascomycota;Sordariomycetes;Xylariales;Apiosporaceae;Neoarthrinium;Neoarthrinium moseri,FALSE,0
GCF_030869225.1,Fungi;Ascomycota;Sordariomycetes;Glomerellales;Glomerellaceae;Colletotrichum;Colletotrichum abscissum,TRUE,1
GCA_030805415.1,Fungi;Basidiomycota;Tremellomycetes;Trichosporonales;Trichosporonaceae;Cutaneotrichosporon;Cutaneotrichosporon spelunceum,TRUE,1
GCA_003574525.1,Fungi;Ascomycota;Dothideomycetes;Pleosporales;Pleosporaceae;Alternaria;Alternaria sp. MG1,TRUE,1
GCF_028828555.1,Fungi;Ascomycota;Eurotiomycetes;Eurotiales;Aspergillaceae;Penicillium;Penicillium taxi,TRUE,1
GCF_035927105.1,Fungi;Ascomycota;Eurotiomycetes;Chaetothyriales;Herpotrichiellaceae;Exophiala;Exophiala bonariae,TRUE,1
GCA_022814125.1,Fungi;Ascomycota;Lecanoromycetes;Peltigerales;Lobariaceae;Pseudocyphellaria;Pseudocyphellaria aurata,FALSE,0
GCF_033847375.1,Fungi;Ascomycota;Sordariomycetes;Hypocreales;Hypocreaceae;Trichoderma;Trichoderma aggressivum,TRUE,1
GCF_008629635.2,Fungi;Basidiomycota;Tremellomycetes;Tremellales;Cryptococcaceae;Kwoniella;Kwoniella shandongensis,TRUE,1
GCA_014621405.1,Fungi;Ascomycota;Sordariomycetes;Hypocreales;Nectriaceae;Stylonectria;Stylonectria norvegica,TRUE,1
GCA_021527035.1,Fungi;Basidiomycota;Agaricomycetes;Russulales;Russulaceae;Lactarius;Lactarius vividus,TRUE,1
GCF_015039405.1,Fungi;Basidiomycota;Agaricomycetes;Cantharellales;Cantharellaceae;Cantharellus;Cantharellus anzutake,TRUE,1
GCA_002104975.1,Fungi;Chytridiomycota;Neocallimastigomycetes;Neocallimastigales;Neocallimastigaceae;Neocallimastix;Neocallimastix californiae,FALSE,0
GCA_002104895.1,Fungi;Chytridiomycota;Neocallimastigomycetes;Neocallimastigales;Neocallimastigaceae;Anaeromyces;Anaeromyces robustus,FALSE,0
GCA_025782845.1,Fungi;Basidiomycota;Agaricomycetes;Boletales;Boletaceae;Boletus;Boletus coccyginus,TRUE,1
GCA_044049455.1,Fungi;Ascomycota;Eurotiomycetes;Eurotiales;Aspergillaceae;Aspergillus;Aspergillus lucknowensis,TRUE,1
GCF_028828445.1,Fungi;Ascomycota;Eurotiomycetes;Eurotiales;Aspergillaceae;Penicillium;Penicillium paradoxum,TRUE,1
GCA_044049435.1,Fungi;Ascomycota;Eurotiomycetes;Eurotiales;Aspergillaceae;Aspergillus;Aspergillus pseudodeflectus,TRUE,2
GCA_019669825.1,Fungi;Ascomycota;Leotiomycetes;Helotiales;Pezizellaceae;Calycina;Calycina marina,TRUE,1
GCA_011058895.1,Fungi;Ascomycota;Dothideomycetes;Pleosporales;Didymellaceae;Didymella;Didymella heteroderae,TRUE,1
GCA_027604005.1,Fungi;Chytridiomycota;Chytridiomycetes;Chytridiales;Chytridiaceae;Dinochytrium;Dinochytrium kinnereticum,TRUE,1
GCA_024613165.1,Fungi;Basidiomycota;Agaricomycetes;Boletales;Pisolithaceae;Pisolithus;Pisolithus albus,TRUE,1
GCA_024613185.1,Fungi;Basidiomycota;Agaricomycetes;Boletales;Pisolithaceae;Pisolithus;Pisolithus microcarpus,TRUE,1
GCA_036872755.1,Fungi;Ascomycota;Orbiliomycetes;Orbiliales;Orbiliaceae;Orbilia;Orbilia blumenaviensis,TRUE,2
GCA_015657495.1,Fungi;Basidiomycota;Agaricomycetes;Agaricales;Crepidotaceae;Crepidotus;Crepidotus variabilis,TRUE,1
GCA_963921895.1,Fungi;Ascomycota;Sordariomycetes;Ophiostomatales;Ophiostomataceae;Sporothrix;Sporothrix thermara,TRUE,1
GCA_018360185.1,Fungi;Ascomycota;Sordariomycetes;Hypocreales;Clavicipitaceae;Claviceps;Claviceps lovelessii,TRUE,1
GCF_006535985.1,Fungi;Chytridiomycota;Chytridiomycetes;Synchytriales;Synchytriaceae;Synchytrium;Synchytrium microbalum,FALSE,0
GCA_045785085.1,Fungi;Ascomycota;Eurotiomycetes;Eurotiales;Aspergillaceae;Aspergillus;Aspergillus californicus,TRUE,1
GCA_044049465.1,Fungi;Ascomycota;Eurotiomycetes;Eurotiales;Aspergillaceae;Aspergillus;Aspergillus pseudoustus,TRUE,1
GCA_012184295.1,Fungi;Ascomycota;Orbiliomycetes;Orbiliales;Orbiliaceae;Dactylella;Dactylella cylindrospora,TRUE,1
GCA_004369065.1,Fungi;Basidiomycota;Agaricomycetes;Agaricales;Pluteaceae;Pluteus;Pluteus cervinus,TRUE,1
GCA_013368315.1,Fungi;Basidiomycota;Agaricomycetes;Agaricales;Marasmiaceae;Tetrapyrgos;Tetrapyrgos nigripes,TRUE,1
GCA_029542765.1,Fungi;Basidiomycota;Malasseziomycetes;Malasseziales;Malasseziaceae;Malassezia;Malassezia psittaci,TRUE,1
GCA_009193665.1,Fungi;Ascomycota;Eurotiomycetes;Eurotiales;Aspergillaceae;Aspergillus;Aspergillus pseudocaelatus,TRUE,1
GCA_003268315.1,Fungi;Ascomycota;Dothideomycetes;Pleosporales;Pleosporaceae;Stemphylium;Stemphylium lycopersici,FALSE,0
GCF_026319265.1,Fungi;Ascomycota;Sordariomycetes;Glomerellales;Glomerellaceae;Colletotrichum;Colletotrichum chrysophilum,TRUE,1
GCA_022496195.1,Fungi;Basidiomycota;Agaricomycetes;Russulales;Russulaceae;Lactifluus;Lactifluus subvellereus,TRUE,1
GCA_010015605.1,Fungi;Ascomycota;Dothideomycetes;Pleosporales;Pleosporaceae;Decorospora;Decorospora gaudefroyi,TRUE,1
GCA_018296085.1,Fungi;Basidiomycota;Agaricomycetes;Agaricales;Lyophyllaceae;Termitomyces;Termitomyces sp. T112,TRUE,1
GCF_028828085.1,Fungi;Ascomycota;Eurotiomycetes;Eurotiales;Aspergillaceae;Penicillium;Penicillium nucicola,TRUE,3
GCA_030039215.1,Fungi;Basidiomycota;Tremellomycetes;Filobasidiales;Filobasidiaceae;Naganishia;Naganishia onofrii,FALSE,0
GCF_000292625.1,Fungi;Basidiomycota;Dacrymycetes;Dacrymycetales;Dacrymycetaceae;Dacryopinax;Dacryopinax primogenitus,TRUE,1
GCA_028828255.1,Fungi;Ascomycota;Eurotiomycetes;Eurotiales;Aspergillaceae;Penicillium;Penicillium fimorum,TRUE,2
GCA_022592445.1,Fungi;Basidiomycota;Agaricomycetes;Polyporales;Irpicaceae;Cytidiella;Cytidiella melzeri,TRUE,1
GCA_045791975.1,Fungi;Ascomycota;Eurotiomycetes;Eurotiales;Aspergillaceae;Aspergillus;Aspergillus tetrazonus,TRUE,1
GCF_028826845.1,Fungi;Ascomycota;Eurotiomycetes;Eurotiales;Aspergillaceae;Penicillium;Penicillium canariense,TRUE,1
GCA_963923935.1,Fungi;Ascomycota;Sordariomycetes;Ophiostomatales;Ophiostomataceae;Sporothrix;Sporothrix epigloea,TRUE,1
GCA_015502465.1,Fungi;Mucoromycota;Mortierellomycetes;Mortierellales;Mortierellaceae;Mortierella;Mortierella sp. 14UC,TRUE,1
GCA_015679695.1,Fungi;Mucoromycota;Mortierellomycetes;Mortierellales;Mortierellaceae;Mortierella;Mortierella sp. AD011,FALSE,0
GCA_015502475.1,Fungi;Mucoromycota;Mortierellomycetes;Mortierellales;Mortierellaceae;Mortierella;Mortierella sp. AD031,TRUE,1
GCA_016098025.1,Fungi;Mucoromycota;Mortierellomycetes;Mortierellales;Mortierellaceae;Mortierella;Mortierella sp. AD032,TRUE,1
GCA_016098035.1,Fungi;Mucoromycota;Mortierellomycetes;Mortierellales;Mortierellaceae;Mortierella;Mortierella sp. GBA30,TRUE,1
GCA_016098085.1,Fungi;Mucoromycota;Mortierellomycetes;Mortierellales;Mortierellaceae;Mortierella;Mortierella sp. NVP41,TRUE,1
GCA_015679515.1,Fungi;Mucoromycota;Mortierellomycetes;Mortierellales;Mortierellaceae;Mortierella;Mortierella sp. NVP85,TRUE,1
GCA_022496225.1,Fungi;Basidiomycota;Agaricomycetes;Russulales;Russulaceae;Russula;Russula aff. rugulosa BPL654,TRUE,1
GCA_015529515.1,Fungi;Mucoromycota;Mortierellomycetes;Mortierellales;Mortierellaceae;Haplosporangium;Haplosporangium sp. Z 767,TRUE,1
GCA_041956455.1,Fungi;Ascomycota;Sordariomycetes;Sordariales;Chaetomiaceae;Corynascus;Corynascus sepedonium,TRUE,1
GCF_016758775.1,Fungi;Basidiomycota;Agaricomycetes;Boletales;Suillaceae;Suillus;Suillus clintonianus,TRUE,1
GCA_022432395.1,Fungi;Ascomycota;Sordariomycetes;Xylariales;Sporocadaceae;Pestalotiopsis;Pestalotiopsis sp. NC0098,TRUE,1
GCA_003614145.1,Fungi;Zoopagomycota;Zoopagomycetes;Zoopagales;Piptocephalidaceae;Piptocephalis;Piptocephalis cylindrospora,FALSE,0
GCA_022432505.1,Fungi;Ascomycota;Sordariomycetes;Xylariales;NA;NA;Xylariales sp. AK1849,TRUE,1
GCA_025435555.1,Fungi;Chytridiomycota;Chytridiomycetes;Chytridiales;Chytriomycetaceae;Chytriomyces;Chytriomyces cf. hyalinus JEL632,TRUE,2
GCA_016584345.1,Fungi;Basidiomycota;Agaricomycetes;Boletales;Suillaceae;Suillus;Suillus ampliporus,TRUE,1
GCF_016647785.1,Fungi;Basidiomycota;Agaricomycetes;Boletales;Suillaceae;Suillus;Suillus fuscotomentosus,TRUE,1
GCF_024244095.1,Fungi;Microsporidia;NA;NA;NA;Nematocida;Nematocida homosporus,FALSE,0
GCF_021653875.1,Fungi;Microsporidia;NA;NA;NA;Nematocida;Nematocida major,FALSE,0
GCF_024244105.1,Fungi;Microsporidia;NA;NA;NA;Nematocida;Nematocida minor,FALSE,0
GCF_030867605.1,Fungi;Ascomycota;Sordariomycetes;Glomerellales;Glomerellaceae;Colletotrichum;Colletotrichum paranaense,TRUE,1
GCF_900044065.1,Fungi;Ascomycota;Sordariomycetes;Hypocreales;Nectriaceae;Fusarium;Fusarium mangiferae,TRUE,1
GCA_023647555.1,Fungi;Microsporidia;NA;NA;NA;Pancytospora;Pancytospora philotis,FALSE,0
GCF_022496945.1,Fungi;Ascomycota;Sordariomycetes;Xylariales;Hypoxylaceae;Annulohypoxylon;Annulohypoxylon maeteangense,TRUE,1
GCF_027946475.1,Fungi;Ascomycota;Dothideomycetes;Pleosporales;Didymosphaeriaceae;Didymosphaeria;Didymosphaeria variabile,TRUE,1
GCA_024243955.1,Fungi;Microsporidia;NA;NA;NA;Pancytospora;Pancytospora epiphaga,FALSE,0
GCA_021432655.1,Fungi;Basidiomycota;Atractiellomycetes;Atractiellales;Hoehnelomycetaceae;Atractiella;Atractiella rhizophila,TRUE,2
GCA_021029105.1,Fungi;Basidiomycota;Agaricomycetes;Agaricales;Stephanosporaceae;Cristinia;Cristinia sonorae,TRUE,1
GCA_905337335.1,Fungi;Ascomycota;Lecanoromycetes;Ostropales;Graphidaceae;Gomphillus;Gomphillus americanus,TRUE,1
GCF_026873545.1,Fungi;Ascomycota;Sordariomycetes;Hypocreales;Nectriaceae;Fusarium;Fusarium falciforme,TRUE,1
GCF_030549165.1,Fungi;Ascomycota;Sordariomycetes;Sordariales;Lasiosphaeriaceae;Lasiosphaeria;Lasiosphaeria miniovina,TRUE,1
GCA_014925845.1,Fungi;Basidiomycota;Agaricomycetes;Agaricales;Crassisporiaceae;Crassisporium;Crassisporium funariophilum,TRUE,1
GCA_003698115.1,Fungi;Ascomycota;Eurotiomycetes;Eurotiales;Aspergillaceae;Aspergillus;Aspergillus sp. HF37,TRUE,1
GCA_005059875.1,Fungi;Basidiomycota;Microbotryomycetes;Sporidiobolales;Sporidiobolaceae;Rhodotorula;Rhodotorula sp. CCFEE 5036,TRUE,1
GCA_902728275.1,Fungi;Basidiomycota;Agaricomycetes;Agaricales;Bolbitiaceae;Cyclocybe;Cyclocybe aegerita,TRUE,1
GCA_002873125.1,Fungi;Basidiomycota;Pucciniomycetes;Pucciniales;Pucciniaceae;Puccinia;Puccinia coronata,TRUE,2
GCA_002591395.1,Fungi;Ascomycota;Sordariomycetes;Hypocreales;Ophiocordycipitaceae;Ophiocordyceps;Ophiocordyceps camponoti-rufipedis,TRUE,1
GCA_003698175.1,Fungi;Ascomycota;Sordariomycetes;Hypocreales;Nectriaceae;Fusarium;Fusarium kuroshium,TRUE,1
GCA_963692855.1,Fungi;Basidiomycota;Agaricomycetes;Agaricales;Mycenaceae;Mycena;Mycena citricolor,TRUE,2
GCA_044167205.1,Fungi;Ascomycota;Sordariomycetes;Microascales;Ceratocystidaceae;Ceratocystis;Ceratocystis lukuohia,TRUE,1
GCA_024184665.2,Fungi;Ascomycota;Dothideomycetes;Dothideales;Zalariaceae;Zalaria;Zalaria obscura,TRUE,1
GCA_003019895.1,Fungi;Ascomycota;Sordariomycetes;Diaporthales;Schizoparmaceae;Coniella;Coniella lustricola,TRUE,1
GCA_022376435.1,Fungi;Basidiomycota;Agaricomycetes;Polyporales;Postiaceae;Amylocystis;Amylocystis lapponica,TRUE,1
GCA_003676035.1,Fungi;Ascomycota;Pichiomycetes;Serinales;Debaryomycetaceae;Spathaspora;Spathaspora sp. JA1,TRUE,1
GCA_003676015.1,Fungi;Ascomycota;Pichiomycetes;Serinales;Debaryomycetaceae;Meyerozyma;Meyerozyma sp. JA9,FALSE,0
GCF_028502605.1,Fungi;Ascomycota;Sordariomycetes;Hypocreales;Hypocreaceae;Trichoderma;Trichoderma breve,TRUE,1
GCA_017607575.1,Fungi;Basidiomycota;Agaricomycetes;Agaricales;Lyophyllaceae;Termitomyces;Termitomyces sp. Mn162,TRUE,1
GCA_018857265.1,Fungi;Basidiomycota;Agaricomycetes;Agaricales;Lyophyllaceae;Termitomyces;Termitomyces sp. T32_za158,FALSE,0
GCA_027627245.1,Fungi;Basidiomycota;Agaricomycetes;Polyporales;Meripilaceae;Physisporinus;Physisporinus lineatus,FALSE,0
GCA_022496205.1,Fungi;Basidiomycota;Agaricomycetes;Russulales;NA;Gloeopeniophorella;Gloeopeniophorella convolvens,TRUE,1
GCA_001014755.1,Fungi;Ascomycota;Eurotiomycetes;Onygenales;Ajellomycetaceae;Blastomyces;Blastomyces silverae,TRUE,1
GCF_022605165.1,Fungi;Ascomycota;Sordariomycetes;Hypocreales;Ophiocordycipitaceae;Purpureocillium;Purpureocillium takamizusanense,TRUE,1
GCA_003589665.1,Fungi;Ascomycota;Eurotiomycetes;Eurotiales;Aspergillaceae;Aspergillus;Aspergillus sclerotialis,TRUE,1
GCF_033297395.1,Fungi;Ascomycota;Sordariomycetes;Sordariales;Chaetomiaceae;Canariomyces;Canariomyces notabilis,TRUE,1
GCA_042186575.1,Fungi;Ascomycota;Eurotiomycetes;Eurotiales;Trichocomaceae;Thermomyces;Thermomyces stellatus,TRUE,1
GCA_006783085.1,Fungi;Ascomycota;Sordariomycetes;Glomerellales;Glomerellaceae;Colletotrichum;Colletotrichum shisoi,TRUE,1
GCF_026914185.1,Fungi;Basidiomycota;Pucciniomycetes;Pucciniales;Pucciniaceae;Puccinia;Puccinia triticina,TRUE,1
GCA_033220425.1,Fungi;Ascomycota;Lecanoromycetes;Lecanorales;Stereocaulaceae;Lepraria;Lepraria neglecta,TRUE,1
GCA_022813995.1,Fungi;Ascomycota;Lecanoromycetes;Ostropales;Graphidaceae;Thelotrema;Thelotrema lepadinum,FALSE,0
GCF_035222275.1,Fungi;Ascomycota;Sordariomycetes;Sordariales;Podosporaceae;Podospora;Podospora bellae-mahoneyi,TRUE,1
GCF_009176365.1,Fungi;Ascomycota;Eurotiomycetes;Eurotiales;Aspergillaceae;Aspergillus;Aspergillus alliaceus,TRUE,1
GCA_010015745.1,Fungi;Ascomycota;Dothideomycetes;Pleosporales;Phaeosphaeriaceae;Setomelanomma;Setomelanomma holmii,TRUE,1
GCA_032988175.1,Fungi;Ascomycota;Eurotiomycetes;Onygenales;NA;Myotisia;Myotisia sp. PD_48,TRUE,1
GCA_032988205.1,Fungi;Ascomycota;Eurotiomycetes;Onygenales;NA;NA;Onygenales sp. PD_40,TRUE,1
GCA_032988185.1,Fungi;Ascomycota;Eurotiomycetes;Onygenales;NA;NA;Onygenales sp. PD_12,TRUE,1
GCA_032988465.1,Fungi;Ascomycota;Eurotiomycetes;Onygenales;NA;NA;Onygenales sp. PD_10,TRUE,1
GCA_032989685.1,Fungi;Ascomycota;Eurotiomycetes;Onygenales;Arthrodermataceae;Arthroderma;Arthroderma sp. PD_2,TRUE,1
GCA_020747065.1,Fungi;Ascomycota;Leotiomycetes;Helotiales;Ploettnerulaceae;Cadophora;Cadophora sp. MPI-SDFR-AT-0126,TRUE,1
GCF_000091045.1,Fungi;Basidiomycota;Tremellomycetes;Tremellales;Cryptococcaceae;Cryptococcus;Cryptococcus neoformans,TRUE,1
GCA_007821535.1,Fungi;Ascomycota;Leotiomycetes;Helotiales;Lachnaceae;Lachnellula;Lachnellula occidentalis,TRUE,1
GCA_024114885.1,Fungi;Ascomycota;Dothideomycetes;Mycosphaerellales;Mycosphaerellaceae;Septoria;Septoria linicola,TRUE,1
GCA_027576995.1,Fungi;Zoopagomycota;Dimargaritomycetes;Dimargaritales;Dimargaritaceae;Dimargaris;Dimargaris cristalligena,TRUE,1
GCA_004217705.1,Fungi;Ascomycota;Pichiomycetes;Serinales;Metschnikowiaceae;Metschnikowia;Metschnikowia aff. pulcherrima,TRUE,1
GCA_014235935.1,Fungi;Ascomycota;Sordariomycetes;Glomerellales;Glomerellaceae;Colletotrichum;Colletotrichum musicola,TRUE,1
GCA_014235955.1,Fungi;Ascomycota;Sordariomycetes;Glomerellales;Glomerellaceae;Colletotrichum;Colletotrichum sojae,TRUE,1
GCA_022264835.1,Fungi;Basidiomycota;Pucciniomycetes;Pucciniales;Melampsoraceae;Melampsora;Melampsora americana,TRUE,2
GCA_016097755.1,Fungi;Mucoromycota;Mucoromycetes;Mucorales;Mucoraceae;Apophysomyces;Apophysomyces sp. BC1034,TRUE,1
GCA_016097715.1,Fungi;Mucoromycota;Mucoromycetes;Mucorales;Mucoraceae;Apophysomyces;Apophysomyces sp. BC1015,TRUE,1
GCA_028827225.1,Fungi;Ascomycota;Eurotiomycetes;Eurotiales;Aspergillaceae;Penicillium;Penicillium sp. CMV-2018d,TRUE,1
GCA_022343325.1,Fungi;Ascomycota;Dothideomycetes;Pleosporales;Leptosphaeriaceae;Plenodomus;Plenodomus biglobosus,TRUE,1
GCA_029281795.1,Fungi;Basidiomycota;Agaricomycetes;Agaricales;Mycenaceae;Mycena;Mycena crocata,TRUE,1
GCA_004155925.1,Fungi;Ascomycota;Sordariomycetes;Xylariales;NA;Monosporascus;Monosporascus sp. MG133,TRUE,1
GCA_042366435.1,Fungi;Ascomycota;Sordariomycetes;Cephalothecales;Cephalothecaceae;Phialemonium;Phialemonium thermophilum,TRUE,1
GCA_022814105.1,Fungi;Ascomycota;Lecanoromycetes;Baeomycetales;Xylographaceae;Ptychographa;Ptychographa xylographoides,FALSE,0
GCA_003693665.1,Fungi;Ascomycota;Eurotiomycetes;Chaetothyriales;NA;NA;Chaetothyriales sp. CBS 134920,TRUE,1
GCA_003709865.1,Fungi;Ascomycota;Eurotiomycetes;Chaetothyriales;NA;NA;Chaetothyriales sp. CBS 132003,TRUE,1
GCA_027946445.1,Fungi;Ascomycota;Dothideomycetes;Pleosporales;Didymellaceae;Ascochyta;Ascochyta clinopodiicola,TRUE,1
GCA_041956515.1,Fungi;Ascomycota;Sordariomycetes;Sordariales;Chaetomiaceae;Thermothelomyces;Thermothelomyces hinnuleus,TRUE,1
GCA_011058865.1,Fungi;Ascomycota;Dothideomycetes;Pleosporales;Didymellaceae;Didymella;Didymella keratinophila,TRUE,1
GCA_947243795.1,Fungi;Ascomycota;Saccharomycetes;Saccharomycetales;Saccharomycetaceae;Saccharomyces;Saccharomyces uvarum,TRUE,1
GCA_029449255.1,Fungi;Basidiomycota;Agaricomycetes;Agaricales;Mycenaceae;Mycena;Mycena polygramma,FALSE,0
GCA_029204075.1,Fungi;Basidiomycota;Agaricomycetes;Agaricales;Mycenaceae;Mycena;Mycena capillaripes,TRUE,1
GCA_029281465.1,Fungi;Basidiomycota;Agaricomycetes;Agaricales;Mycenaceae;Mycena;Mycena epipterygia,TRUE,1
GCA_004369085.1,Fungi;Basidiomycota;Agaricomycetes;Agaricales;Psathyrellaceae;Coprinopsis;Coprinopsis marcescibilis,TRUE,1
GCA_004126415.1,Fungi;Basidiomycota;Agaricomycetes;Agaricales;Psathyrellaceae;Candolleomyces;Candolleomyces aberdarensis,TRUE,2
GCA_012932025.1,Fungi;Ascomycota;Sordariomycetes;Hypocreales;Nectriaceae;Fusarium;Fusarium austroafricanum,TRUE,1
GCF_000182965.3,Fungi;Ascomycota;Pichiomycetes;Serinales;Debaryomycetaceae;Candida;Candida albicans,TRUE,1
GCA_022606195.1,Fungi;Basidiomycota;Agaricomycetes;Polyporales;Polyporaceae;Trametes;Trametes polyzona,TRUE,1
GCF_000182895.1,Fungi;Basidiomycota;Agaricomycetes;Agaricales;Psathyrellaceae;Coprinopsis;Coprinopsis cinerea,TRUE,2
GCA_019359905.1,Fungi;Ascomycota;Pichiomycetes;Serinales;Debaryomycetaceae;Candida;Candida africana,TRUE,1
GCA_022814045.1,Fungi;Ascomycota;Lecanoromycetes;Peltigerales;Lobariaceae;Sticta;Sticta canariensis,FALSE,0
GCF_000149305.1,Fungi;Mucoromycota;Mucoromycetes;Mucorales;Rhizopodaceae;Rhizopus;Rhizopus delemar,TRUE,1
GCF_000149335.2,Fungi;Ascomycota;Eurotiomycetes;Onygenales;Onygenaceae;Coccidioides;Coccidioides immitis,TRUE,1
GCA_018360075.1,Fungi;Ascomycota;Sordariomycetes;Hypocreales;Clavicipitaceae;Claviceps;Claviceps cyperi,TRUE,1
GCA_022605405.1,Fungi;Basidiomycota;Agaricomycetes;Polyporales;Polyporaceae;Earliella;Earliella scabrosa,TRUE,1
GCA_000743665.3,Fungi;Ascomycota;Leotiomycetes;NA;NA;Scytalidium;Scytalidium sp. 3C,FALSE,0
GCA_007182795.1,Fungi;Ascomycota;Sordariomycetes;Xylariales;Xylariaceae;Xylaria;Xylaria flabelliformis,TRUE,1
GCA_027478935.1,Fungi;Zoopagomycota;Kickxellomycetes;Kickxellales;Kickxellaceae;Coemansia;Coemansia sp. RSA 1646,TRUE,1
GCA_027578815.1,Fungi;Zoopagomycota;Kickxellomycetes;Kickxellales;Kickxellaceae;Coemansia;Coemansia sp. RSA 1804,TRUE,1
GCA_027578295.1,Fungi;Zoopagomycota;Kickxellomycetes;Kickxellales;Kickxellaceae;Coemansia;Coemansia sp. RSA 2336,TRUE,1
GCA_027577575.1,Fungi;Zoopagomycota;Kickxellomycetes;Kickxellales;Kickxellaceae;Coemansia;Coemansia sp. RSA 532,TRUE,1
GCA_030685235.1,Fungi;Ascomycota;Sordariomycetes;Sordariales;Sordariaceae;Copromyces;Copromyces sp. CBS 386.78,TRUE,1
GCF_000836295.1,Fungi;Ascomycota;Dothideomycetes;Venturiales;Sympoventuriaceae;Verruconis;Verruconis gallopava,TRUE,1
GCF_001642475.1,Fungi;Ascomycota;Eurotiomycetes;Chaetothyriales;Herpotrichiellaceae;Fonsecaea;Fonsecaea monophora,TRUE,1
GCA_018360445.1,Fungi;Ascomycota;Sordariomycetes;Hypocreales;Clavicipitaceae;Claviceps;Claviceps sp. LM220 group G6,TRUE,1
GCA_018360325.1,Fungi;Ascomycota;Sordariomycetes;Hypocreales;Clavicipitaceae;Claviceps;Claviceps aff. humidiphila group G2b,TRUE,1
GCA_018360525.1,Fungi;Ascomycota;Sordariomycetes;Hypocreales;Clavicipitaceae;Claviceps;Claviceps sp. Clav50 group G5,TRUE,1
GCA_958430865.1,Fungi;Mucoromycota;Glomeromycetes;Entrophosporales;Entrophosporaceae;Entrophospora;Entrophospora sp. SA101,TRUE,2
GCA_005406065.1,Fungi;Ascomycota;Pichiomycetes;Serinales;Metschnikowiaceae;Metschnikowia;Metschnikowia sp. JCM 33374,TRUE,1
GCA_020744415.1,Fungi;Ascomycota;Dothideomycetes;Pleosporales;Torulaceae;Dendryphion;Dendryphion nanum,TRUE,1
GCA_011058875.1,Fungi;Ascomycota;Sordariomycetes;Xylariales;Sporocadaceae;Neopestalotiopsis;Neopestalotiopsis sp. 37M,TRUE,1
GCA_029948375.1,Fungi;Ascomycota;Lecanoromycetes;Lecanorales;Ramalinaceae;Ramalina;Ramalina farinacea,FALSE,0
GCA_033296915.1,Fungi;Ascomycota;Sordariomycetes;Sordariales;Podosporaceae;Triangularia;Triangularia setosa,TRUE,1
GCA_033296885.1,Fungi;Ascomycota;Sordariomycetes;Sordariales;Podosporaceae;Triangularia;Triangularia verruculosa,TRUE,1
GCA_033296685.1,Fungi;Ascomycota;Sordariomycetes;Sordariales;Chaetomiaceae;Parachaetomium;Parachaetomium inaequale,TRUE,1
GCA_019677355.1,Fungi;Basidiomycota;Agaricomycetes;Cantharellales;Ceratobasidiaceae;Ceratobasidium;Ceratobasidium sp. 370,TRUE,1
GCA_019623705.1,Fungi;Basidiomycota;Agaricomycetes;Cantharellales;Ceratobasidiaceae;Ceratobasidium;Ceratobasidium sp. 428,TRUE,1
GCA_019616975.1,Fungi;Basidiomycota;Agaricomycetes;Sebacinales;Serendipitaceae;Serendipita;Serendipita sp. 396,FALSE,0
GCA_019627735.1,Fungi;Basidiomycota;Agaricomycetes;Sebacinales;Serendipitaceae;Serendipita;Serendipita sp. 400,TRUE,1
GCA_019627755.1,Fungi;Basidiomycota;Agaricomycetes;Sebacinales;Serendipitaceae;Serendipita;Serendipita sp. 411,FALSE,0
GCA_019632285.1,Fungi;Basidiomycota;Agaricomycetes;Cantharellales;Tulasnellaceae;Tulasnella;Tulasnella sp. 332,FALSE,0
GCA_019632305.1,Fungi;Basidiomycota;Agaricomycetes;Cantharellales;Tulasnellaceae;Tulasnella;Tulasnella sp. 403,TRUE,1
GCA_019633405.1,Fungi;Basidiomycota;Agaricomycetes;Cantharellales;Tulasnellaceae;Tulasnella;Tulasnella sp. 408,TRUE,1
GCA_019632295.1,Fungi;Basidiomycota;Agaricomycetes;Cantharellales;Tulasnellaceae;Tulasnella;Tulasnella sp. 418,TRUE,1
GCA_019633425.1,Fungi;Basidiomycota;Agaricomycetes;Cantharellales;Tulasnellaceae;Tulasnella;Tulasnella sp. 424,TRUE,1
GCA_019633495.1,Fungi;Basidiomycota;Agaricomycetes;Cantharellales;Tulasnellaceae;Tulasnella;Tulasnella sp. 427,FALSE,0
GCA_017309325.2,Fungi;Ascomycota;Dothideomycetes;Myriangiales;Elsinoaceae;Elsinoe;Elsinoe batatas,TRUE,1
GCA_030549175.1,Fungi;Ascomycota;Sordariomycetes;Sordariales;Lasiosphaeriaceae;Lasiosphaeris;Lasiosphaeris hirsuta,TRUE,1
GCA_033439745.1,Fungi;Ascomycota;Sordariomycetes;Sordariales;Lasiosphaeriaceae;Lasiosphaeria;Lasiosphaeria hispida,TRUE,1
GCA_028584115.1,Fungi;Ascomycota;Dothideomycetes;Pleosporales;Didymellaceae;Stagonosporopsis;Stagonosporopsis vannaccii,TRUE,1
GCF_019669845.1,Fungi;Ascomycota;Sordariomycetes;Hypocreales;Bionectriaceae;Emericellopsis;Emericellopsis atlantica,TRUE,1
GCA_022578495.1,Fungi;Ascomycota;Sordariomycetes;Xylariales;Xylariaceae;Nemania;Nemania sp. NC0429,TRUE,1
GCA_022495085.1,Fungi;Ascomycota;Sordariomycetes;Xylariales;Xylariaceae;Xylaria;Xylaria sp. FL1042,TRUE,1
GCA_022578765.1,Fungi;Ascomycota;Sordariomycetes;Xylariales;Xylariaceae;Xylaria;Xylaria sp. FL0933,TRUE,1
GCA_022497025.1,Fungi;Ascomycota;Sordariomycetes;Xylariales;Hypoxylaceae;Hypoxylon;Hypoxylon sp. FL0890,TRUE,1
GCA_022578575.1,Fungi;Ascomycota;Sordariomycetes;Xylariales;Hypoxylaceae;Hypoxylon;Hypoxylon sp. FL0543,TRUE,1
GCA_022578795.1,Fungi;Ascomycota;Sordariomycetes;Xylariales;Xylariaceae;NA;Xylariaceae sp. FL0255,TRUE,1
GCA_022578705.1,Fungi;Ascomycota;Sordariomycetes;Xylariales;Xylariaceae;NA;Xylariaceae sp. FL1019,TRUE,1
GCA_024663435.1,Fungi;Basidiomycota;Agaricomycetes;Boletales;Pisolithaceae;Pisolithus;Pisolithus sp. B1,TRUE,1
GCA_021399435.1,Fungi;Ascomycota;Sordariomycetes;Diaporthales;Diaporthaceae;Diaporthe;Diaporthe sp. PMI_573,TRUE,1
GCA_021399445.1,Fungi;Ascomycota;Leotiomycetes;NA;NA;Xylogone;Xylogone sp. PMI_703,TRUE,2
GCA_022544895.1,Fungi;Ascomycota;Sordariomycetes;Xylariales;Xylariaceae;Biscogniauxia;Biscogniauxia sp. FL1348,TRUE,1
GCA_022376275.1,Fungi;Ascomycota;Sordariomycetes;NA;NA;NA;Xylariomycetidae sp. FL2044,TRUE,1
GCA_022376535.1,Fungi;Ascomycota;Sordariomycetes;Xylariales;Xylariaceae;NA;Xylariaceae sp. FL0662B,TRUE,1
GCA_022376655.1,Fungi;Ascomycota;Sordariomycetes;NA;NA;NA;Xylariomycetidae sp. FL0641,TRUE,1
GCA_021018615.1,Fungi;Basidiomycota;Agaricomycetes;Boletales;Boletinellaceae;Phlebopus;Phlebopus sp. FC_14,TRUE,1
GCA_030685255.1,Fungi;Ascomycota;Sordariomycetes;Sordariales;Podosporaceae;Podospora;Podospora conica,TRUE,1
GCA_023646375.1,Fungi;Ascomycota;Lecanoromycetes;Teloschistales;Teloschistaceae;Xanthoria;Xanthoria aureola,TRUE,1
GCA_027579605.1,Fungi;Zoopagomycota;Kickxellomycetes;Kickxellales;Kickxellaceae;Coemansia;Coemansia brasiliensis,TRUE,1
GCA_026026815.1,Fungi;Ascomycota;Geoglossomycetes;Geoglossales;Geoglossaceae;Trichoglossum;Trichoglossum hirsutum,TRUE,1
GCA_027596845.1,Fungi;Chytridiomycota;Chytridiomycetes;NA;Quaeritorhizaceae;Quaeritorhiza;Quaeritorhiza haematococci,TRUE,1
GCA_014904935.1,Fungi;Basidiomycota;Agaricomycetes;Boletales;Melanogastraceae;Melanogaster;Melanogaster broomeanus,TRUE,1
GCF_003357145.1,Fungi;Ascomycota;Leotiomycetes;Helotiales;Pleuroascaceae;Venustampulla;Venustampulla echinocandica,FALSE,0
GCA_022495205.1,Fungi;Ascomycota;Sordariomycetes;Xylariales;Hypoxylaceae;Hypoxylon;Hypoxylon sp. FL1150,TRUE,1
GCA_022432385.1,Fungi;Ascomycota;Sordariomycetes;Xylariales;Xylariaceae;NA;Xylariaceae sp. FL1272,TRUE,1
GCA_027578275.1,Fungi;Zoopagomycota;Kickxellomycetes;Kickxellales;Kickxellaceae;Coemansia;Coemansia sp. RSA 2424,TRUE,1
GCA_027578015.1,Fungi;Zoopagomycota;Kickxellomycetes;Kickxellales;Kickxellaceae;Coemansia;Coemansia sp. RSA 2618,FALSE,0
GCA_027577555.1,Fungi;Zoopagomycota;Kickxellomycetes;Kickxellales;Kickxellaceae;Coemansia;Coemansia sp. RSA 551,TRUE,1
GCA_027578155.1,Fungi;Zoopagomycota;Kickxellomycetes;Kickxellales;Kickxellaceae;Coemansia;Coemansia sp. RSA 370,FALSE,0
GCA_027577795.1,Fungi;Zoopagomycota;Kickxellomycetes;Kickxellales;Kickxellaceae;Coemansia;Coemansia sp. RSA 530,TRUE,1
GCA_027577955.1,Fungi;Zoopagomycota;Kickxellomycetes;Kickxellales;Kickxellaceae;Coemansia;Coemansia sp. RSA 2673,FALSE,0
GCA_027578595.1,Fungi;Zoopagomycota;Kickxellomycetes;Kickxellales;Kickxellaceae;Coemansia;Coemansia sp. RSA 1836,FALSE,0
GCA_027577635.1,Fungi;Zoopagomycota;Kickxellomycetes;Kickxellales;Kickxellaceae;Coemansia;Coemansia sp. RSA 475,TRUE,1
GCA_027577655.1,Fungi;Zoopagomycota;Kickxellomycetes;Kickxellales;Kickxellaceae;Coemansia;Coemansia sp. RSA 454,TRUE,1
GCA_027577675.1,Fungi;Zoopagomycota;Kickxellomycetes;Kickxellales;Kickxellaceae;Coemansia;Coemansia sp. RSA 376,FALSE,0
GCA_027577035.1,Fungi;Zoopagomycota;Kickxellomycetes;Kickxellales;Kickxellaceae;Coemansia;Coemansia thaxteri,FALSE,0
GCA_027577075.1,Fungi;Zoopagomycota;Kickxellomycetes;Kickxellales;Kickxellaceae;Coemansia;Coemansia sp. S85,FALSE,0
GCA_027577155.1,Fungi;Zoopagomycota;Kickxellomycetes;Kickxellales;Kickxellaceae;Coemansia;Coemansia sp. S2,FALSE,0
GCA_027578115.1,Fungi;Zoopagomycota;Kickxellomycetes;Kickxellales;Kickxellaceae;Coemansia;Coemansia sp. RSA 2530,TRUE,1
GCA_027578335.1,Fungi;Zoopagomycota;Kickxellomycetes;Kickxellales;Kickxellaceae;Coemansia;Coemansia sp. RSA 2049,TRUE,1
GCA_027579275.1,Fungi;Zoopagomycota;Kickxellomycetes;Kickxellales;Kickxellaceae;Coemansia;Coemansia linderi,TRUE,1
GCA_027578675.1,Fungi;Zoopagomycota;Kickxellomycetes;Kickxellales;Kickxellaceae;Coemansia;Coemansia sp. RSA 1358,TRUE,1
GCA_024244055.1,Fungi;Microsporidia;NA;NA;NA;Nematocida;Nematocida sp. AWRm78,FALSE,0
GCA_024244045.1,Fungi;Microsporidia;NA;NA;NA;Nematocida;Nematocida sp. AWRm80,FALSE,0
GCA_024244115.1,Fungi;Microsporidia;NA;NA;NA;Nematocida;Nematocida sp. AWRm77,FALSE,0
GCA_037954225.1,Fungi;Basidiomycota;Agaricomycetes;Agaricales;Omphalotaceae;Marasmiellus;Marasmiellus scandens,TRUE,1
GCA_001272575.2,Fungi;Ascomycota;Sordariomycetes;Hypocreales;Ophiocordycipitaceae;Ophiocordyceps;Ophiocordyceps unilateralis,TRUE,1
GCA_017311265.1,Fungi;Ascomycota;Pneumocystomycetes;Pneumocystales;Pneumocystaceae;Pneumocystis;Pneumocystis canis,FALSE,0
GCA_022814025.1,Fungi;Ascomycota;Lecanoromycetes;Ostropales;Stictidaceae;Stictis;Stictis urceolata,FALSE,0
GCA_023159215.1,Fungi;Ascomycota;Sordariomycetes;Xylariales;Xylariaceae;NA;Xylariaceae sp. AK1471,TRUE,1
GCA_027603645.1,Fungi;Chytridiomycota;Chytridiomycetes;Spizellomycetales;Spizellomycetaceae;Gaertneriomyces;Gaertneriomyces sp. JEL0708,TRUE,1
GCA_027603945.1,Fungi;Chytridiomycota;Chytridiomycetes;Rhizophydiales;Terramycetaceae;Terramyces;Terramyces sp. JEL0728,TRUE,1
GCA_027604405.1,Fungi;Chytridiomycota;Chytridiomycetes;Rhizophydiales;Kappamycetaceae;Kappamyces;Kappamyces sp. JEL0680,FALSE,0
GCA_027604545.1,Fungi;Chytridiomycota;Chytridiomycetes;Chytridiales;Chytriomycetaceae;Entophlyctis;Entophlyctis sp. JEL0112,FALSE,0
GCA_027604625.1,Fungi;Chytridiomycota;Chytridiomycetes;NA;NA;Blyttiomyces;Blyttiomyces sp. JEL0837,FALSE,0
GCA_027604465.1,Fungi;Chytridiomycota;Chytridiomycetes;Rhizophydiales;Kappamycetaceae;Kappamyces;Kappamyces sp. JEL0829,FALSE,0
GCA_964275055.1,Fungi;Ascomycota;Saccharomycetes;Saccharomycetales;Saccharomycetaceae;Monosporozyma;Monosporozyma servazzii,TRUE,1
GCA_027600645.1,Fungi;Chytridiomycota;Chytridiomycetes;Cladochytriales;Nowakowskiellaceae;Nowakowskiella;Nowakowskiella sp. JEL0407,TRUE,1
GCA_037954305.1,Fungi;Ascomycota;Sordariomycetes;Hypocreales;Nectriaceae;Neonectria;Neonectria magnoliae,TRUE,1
GCA_026026165.1,Fungi;Ascomycota;Sareomycetes;Sareales;Zythiaceae;Sarea;Sarea resinae,TRUE,1
GCF_000769745.1,Fungi;Ascomycota;Eurotiomycetes;Eurotiales;Aspergillaceae;Penicillium;Penicillium expansum,TRUE,1
GCA_014462655.1,Fungi;Basidiomycota;Agaricomycetes;Agaricales;Mycenaceae;Mycena;Mycena venus,TRUE,2
GCA_001020605.1,Fungi;Basidiomycota;Agaricomycetes;Hymenochaetales;Schizoporaceae;Schizopora;Schizopora paradoxa,FALSE,0
GCA_027604605.1,Fungi;Chytridiomycota;Chytridiomycetes;Rhizophlyctidales;Borealophlyctidaceae;Borealophlyctis;Borealophlyctis nickersoniae,FALSE,0
GCF_030867785.1,Fungi;Ascomycota;Sordariomycetes;Glomerellales;Glomerellaceae;Colletotrichum;Colletotrichum acutatum,TRUE,1
GCA_014898675.1,Fungi;Basidiomycota;Agaricomycetes;Atheliales;Atheliaceae;Athelia;Athelia sp. TMB,FALSE,0
GCF_002105105.1,Fungi;Ascomycota;Taphrinomycetes;Taphrinales;Protomycetaceae;Protomyces;Protomyces lactucae-debilis,TRUE,1
GCA_027576935.1,Fungi;Zoopagomycota;Dimargaritomycetes;Dimargaritales;Dimargaritaceae;Dimargaris;Dimargaris verticillata,TRUE,1
GCA_027579015.1,Fungi;Zoopagomycota;Kickxellomycetes;Kickxellales;Kickxellaceae;Coemansia;Coemansia sp. Cherry 401B,TRUE,1
GCA_027576955.1,Fungi;Zoopagomycota;Dimargaritomycetes;Dimargaritales;Dimargaritaceae;Dimargaris;Dimargaris xerosporica,TRUE,1
GCA_027578055.1,Fungi;Zoopagomycota;Kickxellomycetes;Kickxellales;Kickxellaceae;Coemansia;Coemansia sp. RSA 2611,TRUE,1
GCA_027577135.1,Fungi;Zoopagomycota;Kickxellomycetes;Kickxellales;Kickxellaceae;Coemansia;Coemansia sp. S3946,TRUE,1
GCA_027577195.1,Fungi;Zoopagomycota;Kickxellomycetes;Kickxellales;Kickxellaceae;Coemansia;Coemansia sp. S16,FALSE,0
GCA_027578395.1,Fungi;Zoopagomycota;Kickxellomycetes;Kickxellales;Kickxellaceae;Coemansia;Coemansia sp. RSA 1939,TRUE,1
GCA_036287355.1,Fungi;Basidiomycota;Tremellomycetes;Tremellales;Cryptococcaceae;Kwoniella;Kwoniella sp. CBS 6097,TRUE,1
GCA_036426225.1,Fungi;Basidiomycota;Tremellomycetes;Tremellales;Cryptococcaceae;Cryptococcus;Cryptococcus sp. DSM 104548,TRUE,1
GCA_036427605.1,Fungi;Basidiomycota;Tremellomycetes;Tremellales;Cryptococcaceae;Cryptococcus;Cryptococcus sp. DSM 104549,TRUE,1
GCA_903819665.1,Fungi;Ascomycota;Dothideomycetes;Dothideales;Saccotheciaceae;Aureobasidium;Aureobasidium mustum,TRUE,1
GCA_017366145.1,Fungi;Ascomycota;Leotiomycetes;Helotiales;Ploettnerulaceae;Cadophora;Cadophora sp. M221,TRUE,1
GCA_904855205.1,Fungi;Basidiomycota;Cystobasidiomycetes;Cyphobasidiales;NA;NA;Cyphobasidiales sp. Tagirdzhanova-0007,FALSE,0
GCA_904859935.1,Fungi;Basidiomycota;Tremellomycetes;Tremellales;NA;NA;Tremellales sp. Tagirdzhanova-0007,TRUE,1
GCA_015499985.1,Fungi;Mucoromycota;Mortierellomycetes;Mortierellales;Mortierellaceae;Haplosporangium;Haplosporangium gracile,TRUE,1
GCF_036370985.1,Fungi;Ascomycota;Saccharomycetes;Saccharomycetales;Saccharomycetaceae;Arxiozyma;Arxiozyma heterogenica,TRUE,1
GCF_041146345.1,Fungi;Ascomycota;Dothideomycetes;Dothideales;Dothioraceae;Neodothiora;Neodothiora populina,TRUE,1
GCA_027595885.1,Fungi;Chytridiomycota;Chytridiomycetes;Rhizophydiales;Globomycetaceae;Globomyces;Globomyces sp. JEL0801,FALSE,0
GCA_027578455.1,Fungi;Zoopagomycota;Kickxellomycetes;Kickxellales;Kickxellaceae;Coemansia;Coemansia sp. RSA 2052,FALSE,0
GCA_027578475.1,Fungi;Zoopagomycota;Kickxellomycetes;Kickxellales;Kickxellaceae;Coemansia;Coemansia sp. RSA 2607,TRUE,1
GCA_027579075.1,Fungi;Zoopagomycota;Kickxellomycetes;Kickxellales;Kickxellaceae;Coemansia;Coemansia sp. BCRC 34962,TRUE,1
GCA_027577335.1,Fungi;Zoopagomycota;Kickxellomycetes;Kickxellales;Kickxellaceae;Coemansia;Coemansia sp. RSA 564,TRUE,1
GCA_027577745.1,Fungi;Zoopagomycota;Kickxellomycetes;Kickxellales;Kickxellaceae;Coemansia;Coemansia sp. RSA 355,FALSE,0
GCA_027577435.1,Fungi;Zoopagomycota;Kickxellomycetes;Kickxellales;Kickxellaceae;Coemansia;Coemansia sp. RSA 521,FALSE,0
GCA_027577775.1,Fungi;Zoopagomycota;Kickxellomycetes;Kickxellales;Kickxellaceae;Coemansia;Coemansia sp. RSA 520,TRUE,1
GCA_027577835.1,Fungi;Zoopagomycota;Kickxellomycetes;Kickxellales;Kickxellaceae;Coemansia;Coemansia sp. RSA 2705,TRUE,1
GCA_027577765.1,Fungi;Zoopagomycota;Kickxellomycetes;Kickxellales;Kickxellaceae;Coemansia;Coemansia sp. RSA 2704,TRUE,1
GCA_027577845.1,Fungi;Zoopagomycota;Kickxellomycetes;Kickxellales;Kickxellaceae;Coemansia;Coemansia sp. RSA 2702,TRUE,1
GCA_027578235.1,Fungi;Zoopagomycota;Kickxellomycetes;Kickxellales;Kickxellaceae;Coemansia;Coemansia sp. RSA 2440,FALSE,0
GCA_027578515.1,Fungi;Zoopagomycota;Kickxellomycetes;Kickxellales;Kickxellaceae;Coemansia;Coemansia sp. RSA 1935,TRUE,1
GCA_027578915.1,Fungi;Zoopagomycota;Kickxellomycetes;Kickxellales;Kickxellaceae;Coemansia;Coemansia sp. RSA 1200,FALSE,0
GCA_027578195.1,Fungi;Zoopagomycota;Kickxellomycetes;Kickxellales;Kickxellaceae;Coemansia;Coemansia sp. RSA 2522,TRUE,1
GCA_027579095.1,Fungi;Zoopagomycota;Kickxellomycetes;Kickxellales;Kickxellaceae;Coemansia;Coemansia nantahalensis,TRUE,1
GCA_014898425.1,Fungi;Ascomycota;Leotiomycetes;Helotiales;Sclerotiniaceae;Botryotinia;Botryotinia globosa,TRUE,1
GCA_004786245.1,Fungi;Ascomycota;Leotiomycetes;Helotiales;Sclerotiniaceae;Botrytis;Botrytis hyacinthi,TRUE,1
GCA_004786145.1,Fungi;Ascomycota;Leotiomycetes;Helotiales;Sclerotiniaceae;Botrytis;Botrytis paeoniae,TRUE,1
GCA_022598655.1,Fungi;Basidiomycota;Agaricomycetes;Polyporales;Fomitopsidaceae;Antrodia;Antrodia cinnamomea,TRUE,1
GCA_027577515.1,Fungi;Zoopagomycota;Kickxellomycetes;Kickxellales;Kickxellaceae;Coemansia;Coemansia sp. RSA 678,TRUE,1
GCA_027579465.1,Fungi;Zoopagomycota;Kickxellomycetes;Kickxellales;Kickxellaceae;Coemansia;Coemansia sp. RSA 1878,TRUE,1
GCA_016256075.1,Fungi;Microsporidia;NA;NA;NA;Dictyocoela;Dictyocoela muelleri,FALSE,0
GCF_005498985.1,Fungi;Basidiomycota;Ustilaginomycetes;Ustilaginales;Ustilaginaceae;Sporisorium;Sporisorium graminicola,TRUE,1
GCA_027886325.1,Fungi;Basidiomycota;Agaricomycetes;Agaricales;Omphalotaceae;Lentinula;Lentinula aff. detonsa,TRUE,1
GCA_023758125.1,Fungi;Ascomycota;Dothideomycetes;Pleosporales;Pleosporaceae;Alternaria;Alternaria sp. Ai002NY15,TRUE,1
GCA_023758145.1,Fungi;Ascomycota;Dothideomycetes;Pleosporales;Pleosporaceae;Alternaria;Alternaria sp. BMP 2799,TRUE,1
GCA_025526915.1,Fungi;Chytridiomycota;Chytridiomycetes;Chytridiales;Chytriomycetaceae;Entophlyctis;Entophlyctis helioformis,FALSE,0
GCA_027577695.1,Fungi;Zoopagomycota;Kickxellomycetes;Kickxellales;Kickxellaceae;Coemansia;Coemansia sp. RSA 371,FALSE,0
GCF_028827545.1,Fungi;Ascomycota;Eurotiomycetes;Eurotiales;Aspergillaceae;Penicillium;Penicillium diatomitis,TRUE,1
GCA_020736525.1,Fungi;Ascomycota;Sordariomycetes;Sordariales;Chaetomiaceae;Chaetomium;Chaetomium sp. MPI-CAGE-AT-0009,TRUE,1
GCA_020736565.1,Fungi;Basidiomycota;Agaricomycetes;Agaricales;Psathyrellaceae;Coprinopsis;Coprinopsis sp. MPI-PUGE-AT-0042,TRUE,1
GCA_027579435.1,Fungi;Basidiomycota;Agaricomycetes;Agaricales;Psathyrellaceae;Candolleomyces;Candolleomyces eurysporus,FALSE,0
GCA_020747015.1,Fungi;Ascomycota;Dothideomycetes;Pleosporales;Cucurbitariaceae;Pyrenochaeta;Pyrenochaeta sp. MPI-SDFR-AT-0127,TRUE,1
GCF_023757995.1,Fungi;Ascomycota;Dothideomycetes;Pleosporales;Pleosporaceae;Alternaria;Alternaria metachromatica,TRUE,1
GCA_025328335.1,Fungi;Ascomycota;Sordariomycetes;Glomerellales;Glomerellaceae;Colletotrichum;Colletotrichum sp. SAR 10_65,TRUE,1
GCA_025327125.1,Fungi;Ascomycota;Sordariomycetes;Glomerellales;Glomerellaceae;Colletotrichum;Colletotrichum sp. SAR 10_86,TRUE,1
GCA_025329375.1,Fungi;Ascomycota;Sordariomycetes;Glomerellales;Glomerellaceae;Colletotrichum;Colletotrichum sp. SAR 10_96,TRUE,1
GCA_025329385.1,Fungi;Ascomycota;Sordariomycetes;Glomerellales;Glomerellaceae;Colletotrichum;Colletotrichum sp. SAR 10_98,TRUE,1
GCA_028654355.1,Fungi;Ascomycota;Sordariomycetes;Glomerellales;Glomerellaceae;Colletotrichum;Colletotrichum sp. SAR 10_99,TRUE,1
GCA_025328985.1,Fungi;Ascomycota;Sordariomycetes;Glomerellales;Glomerellaceae;Colletotrichum;Colletotrichum sp. SAR11_239,TRUE,1
GCA_025328625.1,Fungi;Ascomycota;Sordariomycetes;Glomerellales;Glomerellaceae;Colletotrichum;Colletotrichum sp. SAR11_240,TRUE,1
GCA_025328355.1,Fungi;Ascomycota;Sordariomycetes;Glomerellales;Glomerellaceae;Colletotrichum;Colletotrichum sp. SAR11_57,TRUE,1
GCA_025328345.1,Fungi;Ascomycota;Sordariomycetes;Glomerellales;Glomerellaceae;Colletotrichum;Colletotrichum sp. SAR11_59,TRUE,1
GCA_023701735.1,Fungi;Ascomycota;Sordariomycetes;Xylariales;Sporocadaceae;Pestalotiopsis;Pestalotiopsis sp. 9143b,TRUE,1
GCF_000006445.2,Fungi;Ascomycota;Pichiomycetes;Serinales;Debaryomycetaceae;Debaryomyces;Debaryomyces hansenii,TRUE,1
GCF_000091025.4,Fungi;Ascomycota;Saccharomycetes;Saccharomycetales;Saccharomycetaceae;Eremothecium;Eremothecium gossypii,FALSE,0
GCF_000091225.2,Fungi;Microsporidia;NA;NA;Unikaryonidae;Encephalitozoon;Encephalitozoon cuniculi,FALSE,0
GCA_027595805.1,Fungi;Zoopagomycota;Kickxellomycetes;Kickxellales;Kickxellaceae;Coemansia;Coemansia sp. Benny D160-2,FALSE,0
GCA_027575545.1,Fungi;Zoopagomycota;Kickxellomycetes;Kickxellales;Kickxellaceae;Coemansia;Coemansia sp. RSA 1591,FALSE,0
GCA_027575525.1,Fungi;Zoopagomycota;Kickxellomycetes;Kickxellales;Kickxellaceae;Coemansia;Coemansia sp. RSA 1752,FALSE,0
GCA_027575465.1,Fungi;Zoopagomycota;Kickxellomycetes;Kickxellales;Kickxellaceae;Coemansia;Coemansia sp. RSA 1824,FALSE,0
GCA_027575445.1,Fungi;Zoopagomycota;Kickxellomycetes;Kickxellales;Kickxellaceae;Coemansia;Coemansia sp. RSA 1843,TRUE,1
GCA_027575425.1,Fungi;Zoopagomycota;Kickxellomycetes;Kickxellales;Kickxellaceae;Coemansia;Coemansia sp. RSA 1938,FALSE,0
GCA_027575405.1,Fungi;Zoopagomycota;Kickxellomycetes;Kickxellales;Kickxellaceae;Coemansia;Coemansia sp. RSA 2167,TRUE,1
GCA_027575375.1,Fungi;Zoopagomycota;Kickxellomycetes;Kickxellales;Kickxellaceae;Coemansia;Coemansia sp. RSA 2523,TRUE,1
GCA_027575335.1,Fungi;Zoopagomycota;Kickxellomycetes;Kickxellales;Kickxellaceae;Coemansia;Coemansia sp. RSA 2599,TRUE,1
GCA_027575275.1,Fungi;Zoopagomycota;Kickxellomycetes;Kickxellales;Kickxellaceae;Coemansia;Coemansia sp. RSA 2711,FALSE,0
GCA_027575725.1,Fungi;Zoopagomycota;Kickxellomycetes;Kickxellales;Kickxellaceae;Coemansia;Coemansia sp. RSA 486,FALSE,0
GCA_027575695.1,Fungi;Zoopagomycota;Kickxellomycetes;Kickxellales;Kickxellaceae;Coemansia;Coemansia sp. RSA 638,TRUE,1
GCA_027575685.1,Fungi;Zoopagomycota;Kickxellomycetes;Kickxellales;Kickxellaceae;Coemansia;Coemansia sp. RSA 989,TRUE,1
GCA_027575675.1,Fungi;Zoopagomycota;Kickxellomycetes;Kickxellales;Kickxellaceae;Coemansia;Coemansia sp. RSA 990,TRUE,1
GCA_027575625.1,Fungi;Zoopagomycota;Kickxellomycetes;Kickxellales;Kickxellaceae;Coemansia;Coemansia sp. S17,TRUE,2
GCF_900007245.1,Fungi;Ascomycota;Pichiomycetes;Serinales;Debaryomycetaceae;Priceomyces;Priceomyces carsonii,TRUE,1
GCA_040104375.1,Fungi;Ascomycota;Sordariomycetes;Xylariales;Hypoxylaceae;Annulohypoxylon;Annulohypoxylon sp. FPYF3050,TRUE,1
GCA_006535955.1,Fungi;Chytridiomycota;Chytridiomycetes;Synchytriales;Synchytriaceae;Synchytrium;Synchytrium endobioticum,TRUE,1
GCA_037176885.1,Fungi;Basidiomycota;Agaricomycetes;Agaricales;Mycenaceae;Favolaschia;Favolaschia claudopus,TRUE,1
GCA_001592805.2,Fungi;Ascomycota;Dothideomycetes;NA;NA;Peltaster;Peltaster fructicola,TRUE,1
GCA_016255985.1,Fungi;Microsporidia;NA;NA;NA;Dictyocoela;Dictyocoela roeselum,FALSE,0
GCA_900102585.1,Fungi;Basidiomycota;Microbotryomycetes;Microbotryales;Microbotryaceae;Microbotryum;Microbotryum saponariae,TRUE,1
GCA_024195585.1,Fungi;Ascomycota;Dothideomycetes;Dothideales;Saccotheciaceae;Aureobasidium;Aureobasidium sp. EXF-3400,TRUE,2
GCA_030708095.1,Fungi;Ascomycota;Sordariomycetes;Hypocreales;Hypocreaceae;Trichoderma;Trichoderma sp. CBMAI-0020,TRUE,1
GCA_027575815.1,Fungi;Zoopagomycota;Kickxellomycetes;Kickxellales;Kickxellaceae;Coemansia;Coemansia sp. IMI 209127,TRUE,1
GCA_036852665.1,Fungi;Ascomycota;Sordariomycetes;Xylariales;Sporocadaceae;Pestalotiopsis;Pestalotiopsis sp. IQ-011,TRUE,1
GCA_021272945.2,Fungi;Ascomycota;Sordariomycetes;Diaporthales;Valsaceae;Cytospora;Cytospora paraplurivora,TRUE,1
GCA_025433615.1,Fungi;Ascomycota;Sordariomycetes;Hypocreales;Nectriaceae;Fusarium;Fusarium sp. LHS14.1,TRUE,1
GCA_036872775.1,Fungi;Ascomycota;Dothideomycetes;Mycosphaerellales;Teratosphaeriaceae;Oleoguttula;Oleoguttula sp. CCFEE 5521,TRUE,2
GCA_023645835.1,Fungi;Ascomycota;Lecanoromycetes;Teloschistales;Teloschistaceae;Teloschistes;Teloschistes peruensis,TRUE,1
GCA_004000155.1,Fungi;Microsporidia;NA;NA;Tubulinosematidae;Tubulinosema;Tubulinosema ratisbonensis,FALSE,0
GCF_035610405.1,Fungi;Ascomycota;Pichiomycetes;Serinales;Metschnikowiaceae;Australozyma;Australozyma saopauloensis,TRUE,1
GCA_037126485.1,Fungi;Ascomycota;Sordariomycetes;Xylariales;Hypoxylaceae;Daldinia;Daldinia eschscholtzii,TRUE,1
GCF_010724455.1,Fungi;Ascomycota;Eurotiomycetes;Eurotiales;Aspergillaceae;Aspergillus;Aspergillus lentulus,TRUE,1
GCA_026054615.1,Fungi;Ascomycota;Lichinomycetes;Lichinales;Phylliscaceae;Peltula;Peltula sp. TS41687,TRUE,1
GCA_026023515.1,Fungi;Ascomycota;Leotiomycetes;Leotiales;Tympanidaceae;Claussenomyces;Claussenomyces sp. TS43310,TRUE,1
GCA_026023555.1,Fungi;Ascomycota;Arthoniomycetes;Arthoniales;Chrysotrichaceae;Chrysothrix;Chrysothrix sp. TS-e1954,TRUE,1
GCA_026024425.1,Fungi;Ascomycota;NA;NA;NA;Trizodia;Trizodia sp. TS-e1964,TRUE,1
GCA_026025825.1,Fungi;Ascomycota;Coniocybomycetes;Coniocybales;Coniocybaceae;Sclerophora;Sclerophora amabilis,TRUE,1
GCA_026025795.1,Fungi;Ascomycota;NA;Thelocarpales;Thelocarpaceae;Thelocarpon;Thelocarpon superellum,TRUE,1
GCA_026055935.1,Fungi;Ascomycota;NA;Vezdaeales;Vezdaeaceae;Vezdaea;Vezdaea aestivalis,TRUE,1
GCA_026023875.1,Fungi;Ascomycota;Dothideomycetes;Trypetheliales;Trypetheliaceae;Bathelium;Bathelium mastoideum,TRUE,1
GCA_026025075.1,Fungi;Ascomycota;NA;Vezdaeales;Vezdaeaceae;Vezdaea;Vezdaea acicularis,TRUE,1
GCA_026023835.1,Fungi;Ascomycota;Lecanoromycetes;Acarosporales;Acarosporaceae;Caeruleum;Caeruleum heppii,TRUE,1
GCA_023376865.1,Fungi;Ascomycota;Sordariomycetes;Glomerellales;Glomerellaceae;Colletotrichum;Colletotrichum filicis,TRUE,1
GCF_000149425.1,Fungi;Ascomycota;Pichiomycetes;Serinales;Debaryomycetaceae;Meyerozyma;Meyerozyma guilliermondii,TRUE,1
GCA_028828285.1,Fungi;Ascomycota;Eurotiomycetes;Eurotiales;Aspergillaceae;Penicillium;Penicillium majusculum,TRUE,1
GCA_037176845.1,Fungi;Basidiomycota;Agaricomycetes;Agaricales;Marasmiaceae;Paramarasmius;Paramarasmius palmivorus,TRUE,1
GCA_027946555.1,Fungi;Ascomycota;Sordariomycetes;Diaporthales;Gnomoniaceae;Gnomoniopsis;Gnomoniopsis sp. IMI 355080,TRUE,1
GCA_027946425.1,Fungi;Ascomycota;Sordariomycetes;Sordariales;Sordariaceae;Neurospora;Neurospora sp. IMI 360204,TRUE,1
GCA_027946375.1,Fungi;Ascomycota;Dothideomycetes;Pleosporales;Didymellaceae;Neodidymelliopsis;Neodidymelliopsis sp. IMI 364377,TRUE,1
GCA_027946355.1,Fungi;Ascomycota;Sordariomycetes;Sordariales;Chaetomiaceae;Collariella;Collariella sp. IMI 366227,TRUE,1
GCA_037102615.1,Fungi;Ascomycota;Saccharomycetes;Saccharomycodales;Saccharomycodaceae;Hanseniaspora;Hanseniaspora uvarum,TRUE,1
GCA_033819885.1,Fungi;Basidiomycota;Microbotryomycetes;NA;NA;NA;Microbotryomycetes sp. JL201,TRUE,1
GCF_025094135.1,Fungi;Mucoromycota;Mucoromycetes;Mucorales;Mucoraceae;Mucor;Mucor mucedo,TRUE,1
GCA_028827885.1,Fungi;Ascomycota;Eurotiomycetes;Eurotiales;Aspergillaceae;Penicillium;Penicillium sp. IBT 31633x,TRUE,2
GCA_028828865.1,Fungi;Ascomycota;Eurotiomycetes;Eurotiales;Aspergillaceae;Penicillium;Penicillium sp. IBT 16267x,TRUE,1
GCA_028828935.1,Fungi;Ascomycota;Eurotiomycetes;Eurotiales;Aspergillaceae;Penicillium;Penicillium sp. IBT 18751x,TRUE,1
GCA_038364195.1,Fungi;Ascomycota;Sordariomycetes;Xylariales;Apiosporaceae;Apiospora;Apiospora sp. TS-2023a,TRUE,1
GCA_033297175.1,Fungi;Ascomycota;Sordariomycetes;Sordariales;Podosporaceae;Cladorrhinum;Cladorrhinum sp. PSN332,TRUE,1
GCA_033296975.1,Fungi;Ascomycota;Sordariomycetes;Sordariales;Podosporaceae;Podospora;Podospora aff. communis PSN243,TRUE,1
GCA_030864385.1,Fungi;Basidiomycota;Tremellomycetes;Trichosporonales;Trichosporonaceae;Cutaneotrichosporon;Cutaneotrichosporon sp. HIS471,TRUE,1
GCA_025201865.1,Fungi;Zoopagomycota;NA;Ramicandelaberales;Ramicandelaberaceae;Ramicandelaber;Ramicandelaber brevisporus,TRUE,1
GCA_020744425.1,Fungi;Ascomycota;Sordariomycetes;Hypocreales;Nectriaceae;Dactylonectria;Dactylonectria macrodidyma,TRUE,1
GCA_000986645.1,Fungi;Ascomycota;Eurotiomycetes;Eurotiales;Aspergillaceae;Aspergillus;Aspergillus rambellii,TRUE,1
GCA_036320915.1,Fungi;Mucoromycota;Mortierellomycetes;Mortierellales;Mortierellaceae;Linnemannia;Linnemannia elongata,TRUE,1
GCA_030549205.1,Fungi;Ascomycota;Sordariomycetes;Sordariales;Lasiosphaeriaceae;Apiosordaria;Apiosordaria backusii,TRUE,1
GCA_033439705.1,Fungi;Ascomycota;Sordariomycetes;Sordariales;Lasiosphaeriaceae;Cercophora;Cercophora scortea,TRUE,1
GCF_010094085.1,Fungi;Ascomycota;Dothideomycetes;Pleosporales;Sporormiaceae;Westerdykella;Westerdykella ornata,TRUE,1
GCA_026027315.1,Fungi;Ascomycota;Lecanoromycetes;Acarosporales;Acarosporaceae;Pleopsidium;Pleopsidium flavum,TRUE,1
GCA_026026795.1,Fungi;Ascomycota;Lichinomycetes;Lichinales;Phylliscaceae;Phylliscum;Phylliscum demangeonii,TRUE,1
GCA_022496965.1,Fungi;Ascomycota;Sordariomycetes;Xylariales;Hypoxylaceae;Annulohypoxylon;Annulohypoxylon nitens,TRUE,1
GCA_022478815.1,Fungi;Ascomycota;Sordariomycetes;Xylariales;Hypoxylaceae;Daldinia;Daldinia bambusicola,TRUE,1
GCA_027579295.1,Fungi;Zoopagomycota;Kickxellomycetes;Kickxellales;Kickxellaceae;Coemansia;Coemansia sp. 'formosensis',FALSE,0
GCA_002104985.1,Fungi;Chytridiomycota;Chytridiomycetes;Chytridiales;Chytriomycetaceae;Rhizoclosmatium;Rhizoclosmatium globosum,TRUE,1
GCA_043170715.1,Fungi;Ascomycota;Dothideomycetes;NA;NA;Cryomyces;Cryomyces antarcticus,TRUE,1
GCA_015501605.1,Fungi;Basidiomycota;Agaricomycetes;Agaricales;Galeropsidaceae;Panaeolus;Panaeolus papilionaceus,TRUE,1
GCA_030512305.1,Fungi;Ascomycota;Sordariomycetes;Sordariales;Lasiosphaeriaceae;Cercophora;Cercophora samala,TRUE,1
GCF_000149645.3,Fungi;Ascomycota;Eurotiomycetes;Eurotiales;Aspergillaceae;Aspergillus;Aspergillus fischeri,TRUE,1
GCF_000143535.2,Fungi;Ascomycota;Leotiomycetes;Helotiales;Sclerotiniaceae;Botrytis;Botrytis cinerea,TRUE,1
GCF_014117465.1,Fungi;Ascomycota;Eurotiomycetes;Eurotiales;Aspergillaceae;Aspergillus;Aspergillus flavus,TRUE,1
GCA_030247845.1,Fungi;Ascomycota;Dothideomycetes;NA;NA;Coniosporium;Coniosporium tulheliwenetii,TRUE,2
GCA_012656285.1,Fungi;Ascomycota;Eurotiomycetes;Eurotiales;Aspergillaceae;Aspergillus;Aspergillus fumigatiaffinis,TRUE,1
GCF_000149615.1,Fungi;Ascomycota;Eurotiomycetes;Eurotiales;Aspergillaceae;Aspergillus;Aspergillus terreus,TRUE,1
GCA_038497665.1,Fungi;Ascomycota;Lipomycetes;Lipomycetales;Lipomycetaceae;Lipomyces;Lipomyces kononenkoae,TRUE,1
GCF_000002715.2,Fungi;Ascomycota;Eurotiomycetes;Eurotiales;Aspergillaceae;Aspergillus;Aspergillus clavatus,TRUE,1
GCA_029747585.1,Fungi;Basidiomycota;Agaricomycetes;Agaricales;Pleurotaceae;Pleurotus;Pleurotus djamor,TRUE,4
GCA_022478985.1,Fungi;Zoopagomycota;Entomophthoromycetes;Entomophthorales;Entomophthoraceae;Massospora;Massospora cicadina,FALSE,0
GCF_000835505.1,Fungi;Ascomycota;Eurotiomycetes;Chaetothyriales;Herpotrichiellaceae;Exophiala;Exophiala xenobiotica,TRUE,1
GCA_029531795.1,Fungi;Ascomycota;Leotiomycetes;Helotiales;Sclerotiniaceae;Sclerotinia;Sclerotinia nivalis,TRUE,1
GCA_016508695.1,Fungi;Ascomycota;Leotiomycetes;Helotiales;Hyphodiscaceae;Hyphodiscus;Hyphodiscus hymeniophilus,TRUE,1
GCA_003795315.1,Fungi;Ascomycota;Sordariomycetes;Diaporthales;Valsaceae;Valsa;Valsa malicola,TRUE,1
GCA_009193465.1,Fungi;Ascomycota;Eurotiomycetes;Eurotiales;Aspergillaceae;Aspergillus;Aspergillus avenaceus,TRUE,1
GCF_028826855.1,Fungi;Ascomycota;Eurotiomycetes;Eurotiales;Aspergillaceae;Penicillium;Penicillium coprophilum,TRUE,1
GCF_016767815.1,Fungi;Ascomycota;Eurotiomycetes;Eurotiales;Aspergillaceae;Penicillium;Penicillium digitatum,TRUE,1
GCF_028827405.1,Fungi;Ascomycota;Eurotiomycetes;Eurotiales;Aspergillaceae;Penicillium;Penicillium crustosum,TRUE,1
GCF_000182925.2,Fungi;Ascomycota;Sordariomycetes;Sordariales;Sordariaceae;Neurospora;Neurospora crassa,TRUE,1
GCF_014636115.1,Fungi;Ascomycota;Pichiomycetes;Serinales;Metschnikowiaceae;Clavispora;Clavispora lusitaniae,TRUE,1
GCA_014904855.1,Fungi;Basidiomycota;Agaricomycetes;Thelephorales;Thelephoraceae;Thelephora;Thelephora ganbajun,TRUE,1
GCA_024663395.1,Fungi;Basidiomycota;Agaricomycetes;Boletales;Pisolithaceae;Pisolithus;Pisolithus tinctorius,TRUE,1
GCA_022496185.1,Fungi;Basidiomycota;Agaricomycetes;Russulales;Russulaceae;Multifurca;Multifurca ochricompacta,TRUE,1
GCF_009556855.1,Fungi;Ascomycota;Eurotiomycetes;Eurotiales;Trichocomaceae;Talaromyces;Talaromyces marneffei,TRUE,1
GCF_038497915.1,Fungi;Ascomycota;Lipomycetes;Lipomycetales;Lipomycetaceae;Lipomyces;Lipomyces doorenjongii,TRUE,1
GCA_003260565.1,Fungi;Ascomycota;Leotiomycetes;Helotiales;Sclerotiniaceae;Monilinia;Monilinia fructigena,TRUE,1
GCA_003614705.1,Fungi;Chytridiomycota;Chytridiomycetes;NA;NA;Blyttiomyces;Blyttiomyces helicus,TRUE,1
GCA_010093605.1,Fungi;Ascomycota;Dothideomycetes;Mytilinidiales;Mytilinidiaceae;Lophium;Lophium mytilinum,TRUE,1
GCF_010094035.1,Fungi;Ascomycota;Dothideomycetes;Pleosporales;Trematosphaeriaceae;Trematosphaeria;Trematosphaeria pertusa,TRUE,1
GCA_022497145.1,Fungi;Ascomycota;Sordariomycetes;Xylariales;Hypoxylaceae;Rostrohypoxylon;Rostrohypoxylon terebratum,TRUE,1
GCA_001636715.1,Fungi;Ascomycota;Eurotiomycetes;Onygenales;Ascosphaeraceae;Ascosphaera;Ascosphaera apis,TRUE,1
GCA_020726485.1,Fungi;Ascomycota;Leotiomycetes;Helotiales;Tricladiaceae;Halenospora;Halenospora varia,TRUE,1
GCF_001481775.2,Fungi;Ascomycota;Sordariomycetes;Hypocreales;Hypocreaceae;Trichoderma;Trichoderma gamsii,TRUE,1
GCA_036780745.1,Fungi;Microsporidia;NA;NA;Nosematidae;Vairimorpha;Vairimorpha bombi,FALSE,0
GCA_004337975.1,Fungi;Ascomycota;Sordariomycetes;Magnaporthales;Pyriculariaceae;Pyricularia;Pyricularia sp. CBS 133598,TRUE,1
GCA_028011325.1,Fungi;Basidiomycota;Agaricomycetes;Agaricales;Omphalotaceae;Lentinula;Lentinula lateritia,TRUE,1
GCA_020746995.1,Fungi;Ascomycota;Sordariomycetes;Glomerellales;Plectosphaerellaceae;Plectosphaerella;Plectosphaerella cucumerina,TRUE,1
GCA_027579375.1,Fungi;Zoopagomycota;Kickxellomycetes;Kickxellales;Kickxellaceae;Coemansia;Coemansia aciculifera,TRUE,1
GCA_027579525.1,Fungi;Zoopagomycota;Kickxellomycetes;Kickxellales;Kickxellaceae;Coemansia;Coemansia furcata,FALSE,0
GCA_027575805.1,Fungi;Zoopagomycota;Kickxellomycetes;Kickxellales;Kickxellaceae;Mycoemilia;Mycoemilia scoparia,TRUE,1
GCA_045784785.1,Fungi;Ascomycota;Eurotiomycetes;Eurotiales;Aspergillaceae;Aspergillus;Aspergillus heterothallicus,TRUE,1
GCF_024521655.1,Fungi;Ascomycota;Sordariomycetes;Xylariales;Xylariaceae;Durotheca;Durotheca rogersii,TRUE,1
GCA_030052745.1,Fungi;Ascomycota;Sordariomycetes;Calosphaeriales;Pleurostomataceae;Pleurostoma;Pleurostoma richardsiae,TRUE,1
GCA_017311285.1,Fungi;Ascomycota;Pneumocystomycetes;Pneumocystales;Pneumocystaceae;Pneumocystis;Pneumocystis oryctolagi,FALSE,0
GCA_003182015.1,Fungi;Ascomycota;Pezizomycetes;Pezizales;Tuberaceae;Tuber;Tuber magnatum,TRUE,1
GCF_013402915.1,Fungi;Ascomycota;Saccharomycetes;Saccharomycetales;Saccharomycetaceae;Zygotorulaspora;Zygotorulaspora mrakii,TRUE,1
GCA_022495235.1,Fungi;Ascomycota;Sordariomycetes;Xylariales;Xylariaceae;Xylaria;Xylaria curta,TRUE,1
GCF_000181695.2,Fungi;Basidiomycota;Malasseziomycetes;Malasseziales;Malasseziaceae;Malassezia;Malassezia globosa,TRUE,1
GCA_013396295.1,Fungi;Ascomycota;Sordariomycetes;Hypocreales;Nectriaceae;Fusarium;Fusarium heterosporum,TRUE,1
GCF_000167675.1,Fungi;Ascomycota;Sordariomycetes;Hypocreales;Hypocreaceae;Trichoderma;Trichoderma reesei,TRUE,1
GCF_024521635.1,Fungi;Ascomycota;Pezizomycetes;Pezizales;Pyronemataceae;Tricharina;Tricharina praecox,TRUE,1
GCA_040367835.1,Fungi;Mucoromycota;Mucoromycetes;Mucorales;Mucoraceae;Mucor;Mucor flavus,TRUE,1
GCF_037102585.1,Fungi;Ascomycota;Saccharomycetes;Ascoideales;Saccharomycopsidaceae;Saccharomycopsis;Saccharomycopsis crataegensis,TRUE,1
GCF_000003125.1,Fungi;Ascomycota;Eurotiomycetes;Eurotiales;Trichocomaceae;Talaromyces;Talaromyces stipitatus,TRUE,1
GCA_023646325.1,Fungi;Ascomycota;Lecanoromycetes;Teloschistales;Teloschistaceae;Teloschistes;Teloschistes flavicans,TRUE,1
GCA_002980475.2,Fungi;Ascomycota;Sordariomycetes;Hypocreales;Nectriaceae;Fusarium;Fusarium beomiforme,TRUE,1
GCF_000150115.1,Fungi;Ascomycota;Eurotiomycetes;Onygenales;Ajellomycetaceae;Histoplasma;Histoplasma capsulatum,TRUE,1
GCA_003550325.1,Fungi;Mucoromycota;Glomeromycetes;Diversisporales;Gigasporaceae;Gigaspora;Gigaspora rosea,TRUE,1
GCF_003171515.1,Fungi;Ascomycota;Dothideomycetes;Pleosporales;Pleosporaceae;Pyrenophora;Pyrenophora tritici-repentis,TRUE,1
GCA_002901185.1,Fungi;Ascomycota;Sordariomycetes;Hypocreales;Ophiocordycipitaceae;Tolypocladium;Tolypocladium capitatum,TRUE,1
GCF_002926055.2,Fungi;Ascomycota;Pichiomycetes;Serinales;Metschnikowiaceae;Candidozyma;Candidozyma haemuli,TRUE,1
GCA_019669835.1,Fungi;Ascomycota;Leotiomycetes;Helotiales;NA;Amylocarpus;Amylocarpus encephaloides,TRUE,1
GCA_935541525.1,Fungi;Ascomycota;Pichiomycetes;Serinales;Debaryomycetaceae;Kurtzmaniella;[Candida] railenensis,TRUE,1
GCF_002251995.1,Fungi;Ascomycota;Dipodascomycetes;Dipodascales;Trichomonascaceae;Wickerhamiella;Wickerhamiella sorbophila,FALSE,0
GCF_038497815.1,Fungi;Ascomycota;Lipomycetes;Lipomycetales;Lipomycetaceae;Lipomyces;Lipomyces oligophaga,TRUE,1
GCA_026023815.1,Fungi;Ascomycota;Candelariomycetes;Candelariales;Candelariaceae;Candelaria;Candelaria pacifica,TRUE,1
GCA_027627215.1,Fungi;Ascomycota;Sordariomycetes;Hypocreales;Cordycipitaceae;Lecanicillium;Lecanicillium saksenae,TRUE,2
GCA_045784725.1,Fungi;Ascomycota;Eurotiomycetes;Eurotiales;Aspergillaceae;Aspergillus;Aspergillus insuetus,TRUE,1
GCF_010093815.1,Fungi;Ascomycota;Dothideomycetes;Acrospermales;Acrospermaceae;Pseudovirgaria;Pseudovirgaria hyperparasitica,TRUE,1
GCA_015178995.1,Fungi;Ascomycota;Pezizomycetes;Pezizales;Pyronemataceae;Trichophaea;Trichophaea hybrida,TRUE,1
GCA_036872735.1,Fungi;Ascomycota;Orbiliomycetes;Orbiliales;Orbiliaceae;Orbilia;Orbilia javanica,TRUE,1
GCA_036971715.1,Fungi;Ascomycota;Orbiliomycetes;Orbiliales;Orbiliaceae;Arthrobotrys;Arthrobotrys musiformis,TRUE,1
GCA_026184415.1,Fungi;Ascomycota;Sordariomycetes;Hypocreales;NA;Trichothecium;Trichothecium roseum,TRUE,1
GCA_030435635.1,Fungi;Basidiomycota;Agaricomycetes;Agaricales;Physalacriaceae;Armillaria;Armillaria borealis,TRUE,1
GCA_026008595.1,Fungi;Basidiomycota;Agaricomycetes;Agaricales;Lyophyllaceae;Lyophyllum;Lyophyllum shimeji,TRUE,1
GCA_022495065.1,Fungi;Ascomycota;Sordariomycetes;Xylariales;Xylariaceae;Xylaria;Xylaria telfairii,TRUE,1
GCA_019702505.1,Fungi;Ascomycota;Dothideomycetes;Pleosporales;Pleosporaceae;Alternaria;Alternaria panax,TRUE,1
GCA_002850765.1,Fungi;Ascomycota;Eurotiomycetes;Eurotiales;Aspergillaceae;Aspergillus;Aspergillus taichungensis,TRUE,1
GCF_014133895.1,Fungi;Ascomycota;Saccharomycetes;Saccharomycetales;Saccharomycetaceae;Torulaspora;Torulaspora globosa,TRUE,1
GCA_900079185.1,Fungi;Mucoromycota;Mucoromycetes;Mucorales;Cunninghamellaceae;Absidia;Absidia glauca,TRUE,2
GCF_041956525.1,Fungi;Mucoromycota;Mucoromycetes;Mucorales;Lichtheimiaceae;Rhizomucor;Rhizomucor pusillus,TRUE,1
GCA_013396175.1,Fungi;Ascomycota;Sordariomycetes;Hypocreales;Nectriaceae;Fusarium;Fusarium denticulatum,TRUE,1
GCA_025605225.1,Fungi;Ascomycota;Dipodascomycetes;Dipodascales;Dipodascaceae;Geotrichum;Geotrichum bryndzae,TRUE,1
GCF_016758785.1,Fungi;Basidiomycota;Agaricomycetes;Boletales;Suillaceae;Suillus;Suillus bovinus,TRUE,1
GCA_016758765.1,Fungi;Basidiomycota;Agaricomycetes;Boletales;Suillaceae;Suillus;Suillus cothurnatus,TRUE,1
GCA_016628065.1,Fungi;Basidiomycota;Agaricomycetes;Boletales;Suillaceae;Suillus;Suillus lakei,TRUE,1
GCF_016628075.1,Fungi;Basidiomycota;Agaricomycetes;Boletales;Suillaceae;Suillus;Suillus paluster,TRUE,1
GCA_016628565.1,Fungi;Basidiomycota;Agaricomycetes;Boletales;Suillaceae;Suillus;Suillus placidus,TRUE,1
GCF_016647625.1,Fungi;Basidiomycota;Agaricomycetes;Boletales;Suillaceae;Suillus;Suillus subalutaceus,TRUE,1
GCF_016647635.1,Fungi;Basidiomycota;Agaricomycetes;Boletales;Suillaceae;Suillus;Suillus subaureus,TRUE,1
GCA_016647685.1,Fungi;Basidiomycota;Agaricomycetes;Boletales;Suillaceae;Suillus;Suillus tomentosus,TRUE,1
GCA_028827385.1,Fungi;Ascomycota;Eurotiomycetes;Eurotiales;Aspergillaceae;Penicillium;Penicillium freii,TRUE,1
GCA_036429605.1,Fungi;Ascomycota;Sordariomycetes;Hypocreales;Hypocreaceae;Cladobotryum;Cladobotryum mycophilum,TRUE,1
GCF_001761485.1,Fungi;Ascomycota;Dipodascomycetes;Dipodascales;NA;Yarrowia;Yarrowia lipolytica,TRUE,1
GCA_018397855.1,Fungi;Basidiomycota;Agaricomycetes;Boletales;Boletaceae;Boletus;Boletus reticuloceps,TRUE,1
GCF_023343755.2,Fungi;Ascomycota;Pichiomycetes;Serinales;Debaryomycetaceae;Candida;Candida oxycetoniae,TRUE,1
GCF_024610245.1,Fungi;Ascomycota;Pichiomycetes;Serinales;Debaryomycetaceae;Candida;Candida pseudojiufengensis,TRUE,1
GCA_024516215.1,Fungi;Ascomycota;Pezizomycetes;Pezizales;Pyronemataceae;Geopyxis;Geopyxis carbonaria,TRUE,1
GCA_007735645.1,Fungi;Ascomycota;Dothideomycetes;Venturiales;Venturiaceae;Venturia;Venturia effusa,TRUE,1
GCA_030435815.1,Fungi;Ascomycota;Sordariomycetes;Hypocreales;Sarocladiaceae;Sarocladium;Sarocladium strictum,TRUE,1
GCF_028827555.1,Fungi;Ascomycota;Eurotiomycetes;Eurotiales;Aspergillaceae;Penicillium;Penicillium brevicompactum,TRUE,1
GCF_028827155.1,Fungi;Ascomycota;Eurotiomycetes;Eurotiales;Aspergillaceae;Penicillium;Penicillium citrinum,TRUE,2
GCF_001561935.1,Fungi;Ascomycota;Eurotiomycetes;Eurotiales;Aspergillaceae;Penicillium;Penicillium griseofulvum,TRUE,1
GCF_015533775.1,Fungi;Ascomycota;Eurotiomycetes;Eurotiales;Aspergillaceae;Penicillium;Penicillium roqueforti,TRUE,1
GCF_041956765.1,Fungi;Ascomycota;Eurotiomycetes;Eurotiales;Thermoascaceae;Thermoascus;Thermoascus crustaceus,TRUE,1
GCA_016748015.1,Fungi;Mucoromycota;Glomeromycetes;Archaeosporales;Geosiphonaceae;Geosiphon;Geosiphon pyriformis,TRUE,1
GCA_004355085.1,Fungi;Basidiomycota;Agaricomycetes;Hymenochaetales;Rickenellaceae;Rickenella;Rickenella mellea,FALSE,0
GCF_000184455.2,Fungi;Ascomycota;Eurotiomycetes;Eurotiales;Aspergillaceae;Aspergillus;Aspergillus oryzae,TRUE,1
GCF_033870435.1,Fungi;Ascomycota;Sordariomycetes;Sordariales;Sordariaceae;Sordaria;Sordaria macrospora,TRUE,1
GCA_024244195.1,Fungi;Ascomycota;Eurotiomycetes;Onygenales;Ascosphaeraceae;Ascosphaera;Ascosphaera aggregata,TRUE,1
GCA_024244595.1,Fungi;Ascomycota;Eurotiomycetes;Onygenales;Ascosphaeraceae;Ascosphaera;Ascosphaera atra,TRUE,1
GCA_033439685.1,Fungi;Ascomycota;Sordariomycetes;Sordariales;Lasiosphaeriaceae;Apodospora;Apodospora peruviana,TRUE,1
GCA_023646255.1,Fungi;Ascomycota;Lecanoromycetes;Teloschistales;Teloschistaceae;Caloplaca;Caloplaca aetnensis,TRUE,1
GCA_022606255.1,Fungi;Basidiomycota;Agaricomycetes;Polyporales;Polyporaceae;Trametes;Trametes meyenii,TRUE,1
GCA_022606155.1,Fungi;Basidiomycota;Agaricomycetes;Polyporales;Polyporaceae;Trametes;Trametes elegans,TRUE,1
GCF_014466165.1,Fungi;Basidiomycota;Agaricomycetes;Agaricales;Pleurotaceae;Pleurotus;Pleurotus ostreatus,TRUE,1
GCF_021015755.1,Fungi;Basidiomycota;Agaricomycetes;Agaricales;Omphalotaceae;Lentinula;Lentinula edodes,TRUE,1
GCF_000150975.2,Fungi;Ascomycota;Eurotiomycetes;Onygenales;Arthrodermataceae;Nannizzia;Nannizzia gypsea,TRUE,1
GCF_004011695.2,Fungi;Ascomycota;Dothideomycetes;Pleosporales;Didymellaceae;Ascochyta;Ascochyta rabiei,TRUE,1
GCA_030867225.1,Fungi;Ascomycota;Sordariomycetes;Glomerellales;Glomerellaceae;Colletotrichum;Colletotrichum caudatum,TRUE,1
GCF_014235925.2,Fungi;Ascomycota;Sordariomycetes;Glomerellales;Glomerellaceae;Colletotrichum;Colletotrichum truncatum,TRUE,1
GCA_004786275.1,Fungi;Ascomycota;Leotiomycetes;Helotiales;Sclerotiniaceae;Botryotinia;Botryotinia convoluta,TRUE,1
GCF_010111755.1,Fungi;Ascomycota;Saccharomycetes;Saccharomycetales;Saccharomycetaceae;Nakaseomyces;Nakaseomyces glabratus,TRUE,1
GCF_008704595.1,Fungi;Ascomycota;Pichiomycetes;Serinales;Debaryomycetaceae;Diutina;Diutina rugosa,TRUE,1
GCA_026745475.1,Fungi;Ascomycota;Sordariomycetes;Xylariales;Microdochiaceae;Microdochium;Microdochium nivale,TRUE,1
GCF_000151145.1,Fungi;Ascomycota;Eurotiomycetes;Onygenales;Arthrodermataceae;Microsporum;Microsporum canis,TRUE,1
GCF_000142805.1,Fungi;Ascomycota;Saccharomycetes;Saccharomycetales;Saccharomycetaceae;Lachancea;Lachancea thermotolerans,TRUE,1
GCF_000151425.1,Fungi;Ascomycota;Eurotiomycetes;Onygenales;Arthrodermataceae;Trichophyton;Trichophyton rubrum,TRUE,1
GCA_000151175.1,Fungi;Ascomycota;Eurotiomycetes;Onygenales;Arthrodermataceae;Trichophyton;Trichophyton equinum,TRUE,1
GCF_019202705.1,Fungi;Ascomycota;Pichiomycetes;Serinales;Debaryomycetaceae;Spathaspora;[Candida] subhashii,TRUE,1
GCA_040366295.1,Fungi;Mucoromycota;Mucoromycetes;Mucorales;Mucoraceae;Helicostylum;Helicostylum pulchrum,TRUE,1
GCA_015956445.1,Fungi;Basidiomycota;Agaricomycetes;Thelephorales;Thelephoraceae;Thelephora;Thelephora terrestris,TRUE,1
GCA_000412225.2,Fungi;Ascomycota;Saccharomycetes;Saccharomycetales;Saccharomycetaceae;Eremothecium;[Ashbya] aceris (nom. inval.),FALSE,0
GCF_023758015.1,Fungi;Ascomycota;Dothideomycetes;Pleosporales;Pleosporaceae;Alternaria;Alternaria viburni,TRUE,1
GCA_038497805.1,Fungi;Ascomycota;Lipomycetes;Lipomycetales;Lipomycetaceae;Lipomyces;Lipomyces mesembrius,TRUE,1
GCF_000835495.1,Fungi;Ascomycota;Eurotiomycetes;Chaetothyriales;Herpotrichiellaceae;Cladophialophora;Cladophialophora immunda,TRUE,4
GCA_025528855.1,Fungi;Basidiomycota;Agaricomycetes;Polyporales;Polyporaceae;Trametes;Trametes punicea,TRUE,1
GCA_035926095.1,Fungi;Ascomycota;Dothideomycetes;Mycosphaerellales;Teratosphaeriaceae;Elasticomyces;Elasticomyces elasticus,TRUE,1
GCF_010093595.1,Fungi;Ascomycota;Dothideomycetes;Mytilinidiales;Mytilinidiaceae;Mytilinidion;Mytilinidion resinicola,TRUE,1
GCA_022385765.1,Fungi;Basidiomycota;Agaricomycetes;Polyporales;Polyporaceae;Trametes;Trametes cingulata,TRUE,1
GCA_900073065.1,Fungi;Ascomycota;Leotiomycetes;Helotiales;Mollisiaceae;Phialocephala;Phialocephala subalpina,TRUE,1
GCA_010093515.1,Fungi;Ascomycota;Dothideomycetes;Lineolatales;Lineolataceae;Lineolata;Lineolata rhizophorae,TRUE,1
GCF_000226115.1,Fungi;Ascomycota;Sordariomycetes;Sordariales;Chaetomiaceae;Thermothielavioides;Thermothielavioides terrestris,TRUE,1
GCA_040437605.1,Fungi;Basidiomycota;Agaricomycetes;Agaricales;Marasmiaceae;Marasmius;Marasmius crinis-equi,FALSE,0
GCA_033576145.1,Fungi;Ascomycota;Sordariomycetes;Sordariales;Podosporaceae;Cladorrhinum;Cladorrhinum samala,TRUE,1
GCF_026210795.1,Fungi;Mucoromycota;Glomeromycetes;Glomerales;Glomeraceae;Rhizophagus;Rhizophagus irregularis,TRUE,1
GCF_033458365.1,Fungi;Ascomycota;Sordariomycetes;Sordariales;Sordariaceae;Neurospora;Neurospora hispaniola,TRUE,1
GCA_042370955.1,Fungi;Ascomycota;Sordariomycetes;Glomerellales;Plectosphaerellaceae;Sodiomyces;Sodiomyces alcalophilus,TRUE,1
GCA_911693285.1,Fungi;Ascomycota;Leotiomycetes;Helotiales;Helotiaceae;Hymenoscyphus;Hymenoscyphus albidus,TRUE,1
GCA_900010015.1,Fungi;Ascomycota;Pezizomycetes;Pezizales;Tuberaceae;Tuber;Tuber aestivum,TRUE,1
GCF_038021145.1,Fungi;Ascomycota;Dothideomycetes;Botryosphaeriales;Phyllostictaceae;Phyllosticta;Phyllosticta citriasiana,TRUE,1
GCF_000313525.1,Fungi;Basidiomycota;Agaricomycetes;Polyporales;Fibroporiaceae;Fibroporia;Fibroporia radiculosa,TRUE,1
GCA_028828185.1,Fungi;Ascomycota;Eurotiomycetes;Eurotiales;Aspergillaceae;Penicillium;Penicillium viridicatum,TRUE,1
GCF_028829755.1,Fungi;Ascomycota;Eurotiomycetes;Eurotiales;Aspergillaceae;Penicillium;Penicillium solitum,TRUE,1
GCA_911456355.1,Fungi;Ascomycota;Eurotiomycetes;Eurotiales;Aspergillaceae;Penicillium;Penicillium nalgiovense,TRUE,1
GCA_030039265.1,Fungi;Basidiomycota;Tremellomycetes;Filobasidiales;Filobasidiaceae;Naganishia;Naganishia cerealis,TRUE,1
GCA_009299455.1,Fungi;Ascomycota;Leotiomycetes;Helotiales;Sclerotiniaceae;Monilinia;Monilinia laxa,TRUE,2
GCA_020744515.1,Fungi;Ascomycota;Sordariomycetes;Hypocreales;Nectriaceae;Fusarium;Fusarium tricinctum,TRUE,1
GCA_025201845.1,Fungi;Zoopagomycota;Kickxellomycetes;Kickxellales;Kickxellaceae;Martensiomyces;Martensiomyces pterosporus,TRUE,1
GCF_009193585.1,Fungi;Ascomycota;Eurotiomycetes;Eurotiales;Aspergillaceae;Aspergillus;Aspergillus caelatus,TRUE,1
GCA_024516245.1,Fungi;Ascomycota;Pezizomycetes;Pezizales;Pezizaceae;Peziza;Peziza echinospora,TRUE,1
GCF_000223485.1,Fungi;Ascomycota;Pichiomycetes;Serinales;Debaryomycetaceae;Spathaspora;Spathaspora passalidarum,TRUE,1
GCA_003611235.1,Fungi;Ascomycota;Leotiomycetes;Erysiphales;Erysiphaceae;Golovinomyces;Golovinomyces cichoracearum,TRUE,1
GCA_026210745.1,Fungi;Basidiomycota;Exobasidiomycetes;Exobasidiales;Exobasidiaceae;Exobasidium;Exobasidium rhododendri,TRUE,1
GCF_028974085.1,Fungi;Ascomycota;Eurotiomycetes;Eurotiales;Aspergillaceae;Penicillium;Penicillium chermesinum,TRUE,1
GCA_030407065.1,Fungi;Basidiomycota;Agaricomycetes;Agaricales;Physalacriaceae;Armillaria;Armillaria nabsnona,TRUE,1
GCF_000027005.1,Fungi;Ascomycota;Pichiomycetes;Pichiales;Pichiaceae;Komagataella;Komagataella phaffii,FALSE,0
GCF_000145635.1,Fungi;Ascomycota;Sordariomycetes;Magnaporthales;Magnaporthaceae;Gaeumannomyces;Gaeumannomyces tritici,TRUE,1
GCA_000193285.1,Fungi;Ascomycota;Sordariomycetes;Magnaporthales;Magnaporthaceae;Magnaporthiopsis;Magnaporthiopsis poae,TRUE,1
GCA_027604645.1,Fungi;Blastocladiomycota;Blastocladiomycetes;Blastocladiales;Blastocladiaceae;Allomyces;Allomyces javanicus,FALSE,0
GCF_000182565.1,Fungi;Chytridiomycota;Chytridiomycetes;Spizellomycetales;Spizellomycetaceae;Spizellomyces;Spizellomyces punctatus,TRUE,1
GCA_027596075.1,Fungi;Chytridiomycota;Chytridiomycetes;Rhizophlyctidales;Rhizophlyctidaceae;Rhizophlyctis;Rhizophlyctis rosea,TRUE,1
GCA_033807515.1,Fungi;Mucoromycota;Mortierellomycetes;Mortierellales;Mortierellaceae;Linnemannia;Linnemannia gamsii,TRUE,1
GCA_025677895.1,Fungi;Mucoromycota;Mortierellomycetes;Mortierellales;Mortierellaceae;Podila;Podila humilis,TRUE,1
GCA_016098005.1,Fungi;Mucoromycota;Mortierellomycetes;Mortierellales;Mortierellaceae;Podila;Podila minutissima,TRUE,1
GCF_002105155.1,Fungi;Mucoromycota;Mortierellomycetes;Mortierellales;Mortierellaceae;Lobosporangium;Lobosporangium transversale,TRUE,1
GCF_025331425.1,Fungi;Mucoromycota;Mucoromycetes;Mucorales;Radiomycetaceae;Radiomyces;Radiomyces spectabilis,TRUE,1
GCA_020740775.1,Fungi;Ascomycota;Sordariomycetes;Hypocreales;Nectriaceae;Ilyonectria;Ilyonectria destructans,TRUE,4
GCA_025766325.1,Fungi;Mucoromycota;Mucoromycetes;Mucorales;Mucoraceae;Benjaminiella;Benjaminiella poitrasii,TRUE,1
GCF_025528875.1,Fungi;Mucoromycota;Mucoromycetes;Mucorales;Mycotyphaceae;Mycotypha;Mycotypha africana,TRUE,1
GCA_016758985.1,Fungi;Mucoromycota;Mucoromycetes;Mucorales;Mucoraceae;Mucor;Mucor saturninus,TRUE,1
GCA_025890175.1,Fungi;Ascomycota;Leotiomycetes;Helotiales;Sclerotiniaceae;Ciborinia;Ciborinia camelliae,TRUE,1
GCF_000004155.1,Fungi;Ascomycota;Schizosaccharomycetes;Schizosaccharomycetales;Schizosaccharomycetaceae;Schizosaccharomyces;Schizosaccharomyces cryophilus,TRUE,1
GCA_020631695.1,Fungi;Ascomycota;Sordariomycetes;Hypocreales;Hypocreaceae;Trichoderma;Trichoderma cornu-damae,TRUE,1
GCF_000280675.1,Fungi;Ascomycota;Sordariomycetes;Hypocreales;Cordycipitaceae;Beauveria;Beauveria bassiana,TRUE,1
GCF_000187425.2,Fungi;Ascomycota;Sordariomycetes;Hypocreales;Clavicipitaceae;Metarhizium;Metarhizium robertsii,TRUE,2
GCF_000143105.1,Fungi;Ascomycota;Sordariomycetes;Ophiostomatales;Ophiostomataceae;Leptographium;Leptographium clavigerum,TRUE,1
GCA_003550305.1,Fungi;Mucoromycota;Glomeromycetes;Glomerales;Glomeraceae;Glomus;Glomus cerebriforme,TRUE,1
GCF_013085055.1,Fungi;Ascomycota;Sordariomycetes;Hypocreales;Nectriaceae;Fusarium;Fusarium oxysporum,TRUE,1
GCF_000151355.1,Fungi;Ascomycota;Sordariomycetes;Hypocreales;Nectriaceae;Fusarium;Fusarium vanettenii,TRUE,1
GCF_000151125.1,Fungi;Ascomycota;Eurotiomycetes;Onygenales;Arthrodermataceae;Trichophyton;Trichophyton benhamiae,TRUE,1
GCA_000827475.1,Fungi;Basidiomycota;Agaricomycetes;Boletales;Paxillaceae;Paxillus;Paxillus involutus,TRUE,1
GCA_033296705.1,Fungi;Ascomycota;Sordariomycetes;Sordariales;Chaetomiaceae;Chaetomidium;Chaetomidium leptoderma,TRUE,1
GCA_019096155.1,Fungi;Ascomycota;Sordariomycetes;Sordariales;Chaetomiaceae;Staphylotrichum;Staphylotrichum longicolle,TRUE,1
GCA_001661245.1,Fungi;Ascomycota;Pichiomycetes;Alaninales;Pachysolenaceae;Pachysolen;Pachysolen tannophilus,TRUE,1
GCF_002117355.1,Fungi;Basidiomycota;Agaricomycetes;Polyporales;Postiaceae;Postia;Postia placenta,TRUE,1
GCA_963921885.1,Fungi;Ascomycota;Sordariomycetes;Ophiostomatales;Ophiostomataceae;Sporothrix;Sporothrix bragantina,TRUE,1
GCF_000263375.1,Fungi;Basidiomycota;Wallemiomycetes;Wallemiales;Wallemiaceae;Wallemia;Wallemia mellicola,TRUE,1
GCA_023645815.1,Fungi;Ascomycota;Lecanoromycetes;Teloschistales;Teloschistaceae;Seirophora;Seirophora villosa,TRUE,1
GCA_010093805.1,Fungi;Ascomycota;Dothideomycetes;Pleosporales;Tetraplosphaeriaceae;Polyplosphaeria;Polyplosphaeria fusca,TRUE,1
GCF_001661255.1,Fungi;Ascomycota;Saccharomycetes;Phaffomycetales;Wickerhamomycetaceae;Wickerhamomyces;Wickerhamomyces anomalus,TRUE,1
GCA_027478575.1,Fungi;Zoopagomycota;Kickxellomycetes;Kickxellales;Kickxellaceae;Spiromyces;Spiromyces aspiralis,TRUE,1
GCF_029851405.1,Fungi;Mucoromycota;Mucoromycetes;Mucorales;Lichtheimiaceae;Lichtheimia;Lichtheimia ornata,TRUE,1
GCF_013390195.1,Fungi;Ascomycota;Sordariomycetes;Glomerellales;Glomerellaceae;Colletotrichum;Colletotrichum siamense,TRUE,1
GCF_001890905.1,Fungi;Ascomycota;Eurotiomycetes;Eurotiales;Aspergillaceae;Aspergillus;Aspergillus aculeatus,TRUE,1
GCF_000320565.1,Fungi;Ascomycota;Dothideomycetes;Mycosphaerellales;Mycosphaerellaceae;Sphaerulina;Sphaerulina musiva,TRUE,1
GCA_028828875.1,Fungi;Ascomycota;Eurotiomycetes;Eurotiales;Aspergillaceae;Penicillium;Penicillium capsulatum,TRUE,1
GCF_001661265.1,Fungi;Ascomycota;NA;NA;NA;Saitoella;Saitoella complicata,TRUE,1
GCF_022836535.1,Fungi;Ascomycota;Sordariomycetes;Glomerellales;Glomerellaceae;Colletotrichum;Colletotrichum spaethianum,TRUE,1
GCA_002554575.1,Fungi;Basidiomycota;Agaricomycetes;Agaricales;Amanitaceae;Amanita;Amanita thiersii,TRUE,1
GCF_035048745.1,Fungi;Mucoromycota;Mucoromycetes;Mucorales;Mucoraceae;Mucor;Mucor velutinosus,TRUE,1
GCA_001937105.1,Fungi;Ascomycota;Sordariomycetes;Glomerellales;Glomerellaceae;Colletotrichum;Colletotrichum chlorophyti,TRUE,1
GCA_022836555.1,Fungi;Ascomycota;Sordariomycetes;Glomerellales;Glomerellaceae;Colletotrichum;Colletotrichum tofieldiae,TRUE,1
GCA_021014935.1,Fungi;Basidiomycota;Agaricomycetes;Boletales;Hygrophoropsidaceae;Hygrophoropsis;Hygrophoropsis aurantiaca,TRUE,1
GCA_900162835.1,Fungi;Basidiomycota;Ustilaginomycetes;Ustilaginales;Ustilaginaceae;Sporisorium;Sporisorium reilianum,TRUE,1
GCF_000275845.1,Fungi;Basidiomycota;Agaricomycetes;Polyporales;Polyporaceae;Dichomitus;Dichomitus squalens,TRUE,1
GCA_002157105.1,Fungi;Chytridiomycota;Neocallimastigomycetes;Neocallimastigales;Neocallimastigaceae;Piromyces;Piromyces sp. E2,FALSE,0
GCA_002922495.1,Fungi;Basidiomycota;Microbotryomycetes;Sporidiobolales;Sporidiobolaceae;Rhodotorula;Rhodotorula taiwanensis,TRUE,2
GCF_000271625.1,Fungi;Basidiomycota;Agaricomycetes;Boletales;Coniophoraceae;Coniophora;Coniophora puteana,TRUE,1
GCA_022385635.1,Fungi;Ascomycota;Sordariomycetes;Xylariales;Xylariaceae;Xylaria;Xylaria scruposa,TRUE,1
GCA_022578775.1,Fungi;Ascomycota;Sordariomycetes;Xylariales;Xylariaceae;Xylaria;Xylaria venustula,TRUE,1
GCF_000204055.1,Fungi;Basidiomycota;Pucciniomycetes;Pucciniales;Melampsoraceae;Melampsora;Melampsora laricis-populina,TRUE,1
GCA_027627275.1,Fungi;Basidiomycota;Agaricomycetes;Agaricales;Psathyrellaceae;Coprinellus;Coprinellus aureogranulatus,TRUE,1
GCA_016628085.1,Fungi;Basidiomycota;Agaricomycetes;Boletales;Suillaceae;Suillus;Suillus occidentalis,TRUE,1
GCF_000221225.1,Fungi;Ascomycota;Sordariomycetes;Sordariales;Chaetomiaceae;Thermochaetoides;Thermochaetoides thermophila,TRUE,1
GCA_025201675.1,Fungi;Mucoromycota;Mucoromycetes;Mucorales;Cunninghamellaceae;Cunninghamella;Cunninghamella echinulata,TRUE,1
GCF_000708205.1,Fungi;Basidiomycota;Mixiomycetes;Mixiales;Mixiaceae;Mixia;Mixia osmundae,TRUE,1
GCA_000827315.1,Fungi;Basidiomycota;Agaricomycetes;Atheliales;Atheliaceae;Piloderma;Piloderma croceum,TRUE,1
GCA_002102555.1,Fungi;Blastocladiomycota;Blastocladiomycetes;Blastocladiales;Catenariaceae;Catenaria;Catenaria anguillulae,FALSE,0
GCA_001664025.1,Fungi;Ascomycota;Saccharomycetes;Saccharomycodales;Saccharomycodaceae;Hanseniaspora;Hanseniaspora valbyensis,TRUE,1
GCA_029542945.1,Fungi;Basidiomycota;Malasseziomycetes;Malasseziales;Malasseziaceae;Malassezia;Malassezia obtusa,TRUE,1
GCA_001661475.1,Fungi;Ascomycota;Trigonopsidomycetes;Trigonopsidales;Trigonopsidaceae;Tortispora;Tortispora caseinolytica,TRUE,1
GCF_003290485.1,Fungi;Basidiomycota;Malasseziomycetes;Malasseziales;Malasseziaceae;Malassezia;Malassezia restricta,TRUE,1
GCF_001278385.1,Fungi;Basidiomycota;Malasseziomycetes;Malasseziales;Malasseziaceae;Malassezia;Malassezia pachydermatis,TRUE,1
GCA_003426235.1,Fungi;Ascomycota;Sordariomycetes;Xylariales;Xylariaceae;Xylaria;Xylaria polymorpha,TRUE,1
GCA_012932015.1,Fungi;Ascomycota;Sordariomycetes;Hypocreales;Nectriaceae;Fusarium;Fusarium acutatum,TRUE,1
GCA_013758895.1,Fungi;Ascomycota;Sordariomycetes;Hypocreales;Nectriaceae;Fusarium;Fusarium bulbicola,TRUE,1
GCA_022627015.2,Fungi;Ascomycota;Leotiomycetes;Erysiphales;Erysiphaceae;Podosphaera;Podosphaera aphanis,TRUE,1
GCA_033296875.1,Fungi;Ascomycota;Sordariomycetes;Sordariales;Chaetomiaceae;Achaetomium;Achaetomium macrosporum,TRUE,2
GCA_025558095.1,Fungi;Chytridiomycota;Monoblepharidomycetes;Monoblepharidales;NA;Hyaloraphidium;Hyaloraphidium curvatum,TRUE,2
GCF_014595645.1,Fungi;Ascomycota;Sordariomycetes;Diaporthales;Diaporthaceae;Diaporthe;Diaporthe citri,FALSE,0
GCF_019650295.1,Fungi;Ascomycota;Dothideomycetes;Mycosphaerellales;Mycosphaerellaceae;Cercospora;Cercospora kikuchii,TRUE,1
GCA_910592325.1,Fungi;Mucoromycota;Glomeromycetes;Diversisporales;Gigasporaceae;Scutellospora;Scutellospora calospora,FALSE,0
GCF_001646965.1,Fungi;Ascomycota;Eurotiomycetes;Chaetothyriales;Herpotrichiellaceae;Fonsecaea;Fonsecaea nubica,TRUE,1
GCA_000769265.1,Fungi;Ascomycota;Sordariomycetes;Hypocreales;Bionectriaceae;Hapsidospora;Hapsidospora chrysogena,TRUE,1
GCF_003019875.1,Fungi;Ascomycota;Leotiomycetes;Helotiales;Amorphothecaceae;Amorphotheca;Amorphotheca resinae,TRUE,1
GCA_001661315.1,Fungi;Ascomycota;Dipodascomycetes;Dipodascales;NA;Nadsonia;Nadsonia fulvescens,FALSE,0
GCA_001050175.1,Fungi;Ascomycota;Sordariomycetes;Hypocreales;Hypocreaceae;Trichoderma;Trichoderma parareesei,TRUE,1
GCA_029281495.1,Fungi;Basidiomycota;Agaricomycetes;Agaricales;Mycenaceae;Mycena;Mycena filopes,TRUE,1
GCF_000230625.1,Fungi;Ascomycota;Eurotiomycetes;Chaetothyriales;Herpotrichiellaceae;Exophiala;Exophiala dermatitidis,TRUE,1
GCF_041956435.1,Fungi;Ascomycota;Sordariomycetes;Sordariales;Chaetomiaceae;Mycothermus;Mycothermus thermophilus,TRUE,1
GCA_013266165.1,Fungi;Ascomycota;Sordariomycetes;Hypocreales;Nectriaceae;Fusarium;Fusarium graminum,TRUE,1
GCA_003325435.1,Fungi;Mucoromycota;Mucoromycetes;Mucorales;Rhizopodaceae;Rhizopus;Rhizopus azygosporus,TRUE,4
GCA_036244875.1,Fungi;Basidiomycota;Microbotryomycetes;Sporidiobolales;Sporidiobolaceae;Rhodotorula;Rhodotorula paludigena,TRUE,1
GCF_001664035.1,Fungi;Ascomycota;Pichiomycetes;Serinales;Metschnikowiaceae;Metschnikowia;Metschnikowia bicuspidata,TRUE,1
GCA_004786125.1,Fungi;Ascomycota;Leotiomycetes;Helotiales;Sclerotiniaceae;Botrytis;Botrytis tulipae,TRUE,1
GCA_023645895.1,Fungi;Ascomycota;Lecanoromycetes;Umbilicariales;Umbilicariaceae;Umbilicaria;Umbilicaria vellea,FALSE,0
GCF_041956645.1,Fungi;Ascomycota;Eurotiomycetes;Eurotiales;Trichocomaceae;Rasamsonia;Rasamsonia byssochlamydoides,TRUE,1
GCA_016098105.1,Fungi;Mucoromycota;Mortierellomycetes;Mortierellales;Mortierellaceae;Actinomortierella;Actinomortierella wolfii,FALSE,0
GCA_025330725.1,Fungi;Mucoromycota;Mucoromycetes;Mucorales;Cunninghamellaceae;Chlamydoabsidia;Chlamydoabsidia padenii,TRUE,2
GCA_022814295.1,Fungi;Ascomycota;Lecanoromycetes;Pertusariales;Icmadophilaceae;Icmadophila;Icmadophila ericetorum,FALSE,0
GCA_011058905.1,Fungi;Ascomycota;Dothideomycetes;Pleosporales;Pleosporaceae;Curvularia;Curvularia kusanoi,TRUE,2
GCF_041956535.1,Fungi;Mucoromycota;NA;Calcarisporiellales;Calcarisporiellaceae;Calcarisporiella;Calcarisporiella thermophila,TRUE,2
GCA_026054675.1,Fungi;Ascomycota;Arthoniomycetes;Arthoniales;Lecanographaceae;Alyxoria;Alyxoria varia,TRUE,1
GCA_016758905.1,Fungi;Mucoromycota;Umbelopsidomycetes;Umbelopsidales;Umbelopsidaceae;Umbelopsis;Umbelopsis isabellina,TRUE,1
GCA_000950595.1,Fungi;Mucoromycota;Mucoromycetes;Mucorales;Mucoraceae;Mucor;Mucor ambiguus,TRUE,1
GCF_000836115.1,Fungi;Ascomycota;Eurotiomycetes;Chaetothyriales;Herpotrichiellaceae;Exophiala;Exophiala spinifera,TRUE,1
GCA_030512285.1,Fungi;Ascomycota;Sordariomycetes;Sordariales;Lasiosphaeriaceae;Cercophora;Cercophora newfieldiana,TRUE,1
GCF_000523435.1,Fungi;Ascomycota;Dothideomycetes;Pleosporales;Pleosporaceae;Bipolaris;Bipolaris zeicola,TRUE,1
GCF_000523455.1,Fungi;Ascomycota;Dothideomycetes;Pleosporales;Pleosporaceae;Bipolaris;Bipolaris oryzae,TRUE,1
GCA_000697705.1,Fungi;Basidiomycota;Agaricomycetes;Cantharellales;Botryobasidiaceae;Botryobasidium;Botryobasidium botryosum,TRUE,1
GCF_000235365.1,Fungi;Ascomycota;Saccharomycetes;Saccharomycetales;Saccharomycetaceae;Eremothecium;Eremothecium cymbalariae,FALSE,0
GCA_000697665.1,Fungi;Basidiomycota;Agaricomycetes;Jaapiales;Jaapiaceae;Jaapia;Jaapia argillacea,FALSE,0
GCA_963556695.1,Fungi;Ascomycota;Sordariomycetes;Xylariales;Xylariaceae;Anthostomella;Anthostomella pinea,TRUE,1
GCA_020726575.1,Fungi;Ascomycota;Sordariomycetes;Glomerellales;Plectosphaerellaceae;Plectosphaerella;Plectosphaerella plurivora,TRUE,1
GCA_002938375.1,Fungi;Basidiomycota;Agaricomycetes;Agaricales;Strophariaceae;Psilocybe;Psilocybe cyanescens,TRUE,1
GCA_910591835.1,Fungi;Mucoromycota;Glomeromycetes;Diversisporales;Acaulosporaceae;Acaulospora;Acaulospora morrowiae,TRUE,1
GCA_000827265.1,Fungi;Basidiomycota;Agaricomycetes;Agaricales;Omphalotaceae;Collybiopsis;Collybiopsis luxurians,TRUE,1
GCA_026937265.1,Fungi;Blastocladiomycota;Blastocladiomycetes;Blastocladiales;Coelomomycetaceae;Coelomomyces;Coelomomyces lativittatus,TRUE,1
GCF_033439725.1,Fungi;Ascomycota;Sordariomycetes;Sordariales;Sordariaceae;Neurospora;Neurospora tetraspora,TRUE,1
GCA_000827485.1,Fungi;Basidiomycota;Agaricomycetes;Agaricales;Amanitaceae;Amanita;Amanita muscaria,TRUE,1
GCA_024741835.1,Fungi;Ascomycota;Leotiomycetes;Helotiales;Drepanopezizaceae;Diplocarpon;Diplocarpon mali,TRUE,1
GCA_029542805.1,Fungi;Basidiomycota;Malasseziomycetes;Malasseziales;Malasseziaceae;Malassezia;Malassezia cuniculi,TRUE,1
GCF_000192795.1,Fungi;Microsporidia;NA;NA;Pleistophoridae;Vavraia;Vavraia culicis,FALSE,0
GCA_018360135.1,Fungi;Ascomycota;Sordariomycetes;Hypocreales;Clavicipitaceae;Claviceps;Claviceps sorghi,FALSE,0
GCA_037954315.1,Fungi;Ascomycota;Sordariomycetes;Hypocreales;Nectriaceae;Neonectria;Neonectria punicea,TRUE,1
GCA_015500005.1,Fungi;Mucoromycota;Mortierellomycetes;Mortierellales;Mortierellaceae;Entomortierella;Entomortierella lignicola,TRUE,1
GCA_003073855.1,Fungi;Ascomycota;Dothideomycetes;Pleosporales;Periconiaceae;Periconia;Periconia macrospinosa,TRUE,1
GCA_015847235.1,Fungi;Mucoromycota;Mortierellomycetes;Mortierellales;Mortierellaceae;Linnemannia;Linnemannia zychae,TRUE,1
GCA_013368325.1,Fungi;Basidiomycota;Agaricomycetes;Agaricales;Psathyrellaceae;Tulosesus;Tulosesus angulatus,TRUE,1
GCF_001661405.1,Fungi;Ascomycota;Saccharomycetes;Phaffomycetales;Phaffomycetaceae;Cyberlindnera;Cyberlindnera jadinii,TRUE,1
GCA_001661425.1,Fungi;Ascomycota;Pichiomycetes;Pichiales;Pichiaceae;Ogataea;[Candida] arabinofermentans,TRUE,1
GCF_001661395.1,Fungi;Ascomycota;Pichiomycetes;Serinales;Debaryomycetaceae;Hyphopichia;Hyphopichia burtonii,TRUE,1
GCF_001661415.1,Fungi;Ascomycota;Pichiomycetes;Serinales;Debaryomycetaceae;Suhomyces;Suhomyces tanzawaensis,TRUE,1
GCA_001913855.2,Fungi;Basidiomycota;Agaricomycetes;Polyporales;Meruliaceae;Hermanssonia;Hermanssonia centrifuga,TRUE,1
GCA_000442015.1,Fungi;Cryptomycota;NA;NA;NA;Rozella;Rozella allomycis,TRUE,1
GCF_038025025.1,Fungi;Ascomycota;Dothideomycetes;Botryosphaeriales;Phyllostictaceae;Phyllosticta;Phyllosticta citribraziliensis,TRUE,1
GCA_003990745.1,Fungi;Mucoromycota;Endogonomycetes;Endogonales;Endogonaceae;Jimgerdemannia;Jimgerdemannia flammicorona,FALSE,0
GCA_011032825.1,Fungi;Ascomycota;Dothideomycetes;Pleosporales;NA;Massariosphaeria;Massariosphaeria phaeospora,TRUE,1
GCF_025201335.1,Fungi;Mucoromycota;Mucoromycetes;Mucorales;Choanephoraceae;Gilbertella;Gilbertella persicaria,TRUE,1
GCF_025024155.1,Fungi;Mucoromycota;Mortierellomycetes;Mortierellales;Mortierellaceae;Gamsiella;Gamsiella multidivaricata,TRUE,1
GCA_000835395.1,Fungi;Ascomycota;Eurotiomycetes;Chaetothyriales;Herpotrichiellaceae;Exophiala;Exophiala sideris,TRUE,1
GCA_029320655.1,Fungi;Basidiomycota;Agaricomycetes;Agaricales;Mycenaceae;Mycena;Mycena floridula,TRUE,1
GCA_029203975.1,Fungi;Basidiomycota;Agaricomycetes;Agaricales;Mycenaceae;Mycena;Mycena vitilis,FALSE,0
GCF_000711695.1,Fungi;Basidiomycota;Exobasidiomycetes;Georgefischeriales;Tilletiariaceae;Tilletiaria;Tilletiaria anomala,TRUE,1
GCF_019915245.1,Fungi;Ascomycota;Sordariomycetes;Hypocreales;Nectriaceae;Fusarium;Fusarium musae,TRUE,1
GCF_000721775.1,Fungi;Ascomycota;Dothideomycetes;Dothideales;Saccotheciaceae;Aureobasidium;Aureobasidium melanogenum,TRUE,1
GCA_000956045.1,Fungi;Ascomycota;Sordariomycetes;Hypocreales;Ophiocordycipitaceae;Hirsutella;Hirsutella minnesotensis,TRUE,1
GCA_001687445.1,Fungi;Basidiomycota;Agaricomycetes;Polyporales;Gelatoporiaceae;Obba;Obba rivulosa,TRUE,1
GCA_002116315.1,Fungi;Ascomycota;Dothideomycetes;Pleosporales;Didymellaceae;Epicoccum;Epicoccum nigrum,TRUE,1
GCA_038367545.1,Fungi;Ascomycota;Sordariomycetes;Hypocreales;Cordycipitaceae;Beauveria;Beauveria asiatica,TRUE,1
GCF_000227115.2,Fungi;Ascomycota;Saccharomycetes;Saccharomycetales;Saccharomycetaceae;Naumovozyma;Naumovozyma dairenensis,TRUE,1
GCA_020744375.1,Fungi;Ascomycota;Sordariomycetes;Hypocreales;Nectriaceae;Dactylonectria;Dactylonectria estremocensis,TRUE,1
GCA_001636815.1,Fungi;Ascomycota;Sordariomycetes;Hypocreales;Cordycipitaceae;Niveomyces;Niveomyces insectorum,TRUE,1
GCA_001636675.1,Fungi;Ascomycota;Sordariomycetes;Hypocreales;Clavicipitaceae;Moelleriella;Moelleriella libera,TRUE,1
GCA_002087915.1,Fungi;Microsporidia;NA;NA;Enterocytozoonidae;Enterospora;Enterospora canceri,FALSE,0
GCA_004802705.1,Fungi;Basidiomycota;Agaricomycetes;Russulales;Bondarzewiaceae;Bondarzewia;Bondarzewia mesenterica,FALSE,0
GCF_025602895.1,Fungi;Chytridiomycota;Chytridiomycetes;Polychytriales;NA;Polychytrium;Polychytrium aggregatum,FALSE,0
GCA_029590625.1,Fungi;Ascomycota;Dothideomycetes;Botryosphaeriales;Botryosphaeriaceae;Lasiodiplodia;Lasiodiplodia mahajangana,TRUE,1
GCA_015039355.1,Fungi;Basidiomycota;Agaricomycetes;Gomphales;Gomphaceae;Ramaria;Ramaria rubella,TRUE,1
GCF_000315875.1,Fungi;Ascomycota;Pichiomycetes;Serinales;Debaryomycetaceae;Candida;Candida orthopsilosis,TRUE,1
GCA_022385695.1,Fungi;Ascomycota;Sordariomycetes;Xylariales;Xylariaceae;Xylaria;Xylaria arbuscula,TRUE,1
GCA_025201785.1,Fungi;Ascomycota;Sordariomycetes;Xylariales;Xylariaceae;Xylaria;Xylaria longipes,TRUE,1
GCA_003788565.2,Fungi;Ascomycota;Pezizomycetes;Pezizales;Ascobolaceae;Ascobolus;Ascobolus immersus,TRUE,1
GCF_016647745.1,Fungi;Basidiomycota;Agaricomycetes;Boletales;Suillaceae;Suillus;Suillus plorans,TRUE,1
GCF_010015615.1,Fungi;Ascomycota;Dothideomycetes;Pleosporales;Cucurbitariaceae;Cucurbitaria;Cucurbitaria berberidis,TRUE,1
GCA_010093895.1,Fungi;Ascomycota;Dothideomycetes;Myriangiales;Myriangiaceae;Myriangium;Myriangium duriaei,TRUE,1
GCA_014905825.1,Fungi;Basidiomycota;Agaricomycetes;Agaricales;Lyophyllaceae;Lyophyllum;Lyophyllum atratum,TRUE,1
GCA_018282025.1,Fungi;Basidiomycota;Agaricomycetes;Agaricales;Lyophyllaceae;Sphagnurus;Sphagnurus paluster,TRUE,1
GCA_022963115.1,Fungi;Basidiomycota;Ustilaginomycetes;Ustilaginales;Ustilaginaceae;Ustilago;Ustilago tritici,TRUE,1
GCA_022225965.2,Fungi;Ascomycota;Sordariomycetes;Xylariales;Diatrypaceae;Diatrype;Diatrype stigma,TRUE,1
GCF_000585585.1,Fungi;Ascomycota;Eurotiomycetes;Chaetothyriales;Herpotrichiellaceae;Capronia;Capronia coronata,TRUE,1
GCF_023758085.1,Fungi;Ascomycota;Dothideomycetes;Pleosporales;Pleosporaceae;Alternaria;Alternaria hordeiaustralica,TRUE,1
GCA_018360225.1,Fungi;Ascomycota;Sordariomycetes;Hypocreales;Clavicipitaceae;Claviceps;Claviceps pusilla,TRUE,1
GCA_002794465.1,Fungi;Cryptomycota;NA;NA;NA;Paramicrosporidium;Paramicrosporidium saccamoebae,FALSE,0
GCA_021029095.1,Fungi;Basidiomycota;Agaricomycetes;Hymenochaetales;Hymenochaetaceae;Phellopilus;Phellopilus nigrolimitatus,TRUE,1
GCF_001720155.1,Fungi;Basidiomycota;Tremellomycetes;Tremellales;Cryptococcaceae;Cryptococcus;Cryptococcus wingfieldii,TRUE,1
GCF_025433545.1,Fungi;Ascomycota;Sordariomycetes;Hypocreales;Nectriaceae;Fusarium;Fusarium keratoplasticum,TRUE,1
GCA_001970855.1,Fungi;Zoopagomycota;Harpellomycetes;Harpellales;Legeriomycetaceae;Smittium;Smittium culicis,FALSE,0
GCA_001574975.1,Fungi;Chytridiomycota;Monoblepharidomycetes;Monoblepharidales;Gonapodyaceae;Gonapodya;Gonapodya prolifera,TRUE,2
GCF_001661345.1,Fungi;Ascomycota;Saccharomycetes;Ascoideales;Ascoideaceae;Ascoidea;Ascoidea rubescens,TRUE,1
GCA_004367935.1,Fungi;Ascomycota;Sordariomycetes;Glomerellales;Glomerellaceae;Colletotrichum;Colletotrichum sidae,TRUE,1
GCA_027597005.1,Fungi;Chytridiomycota;Chytridiomycetes;Chytridiales;Chytridiaceae;Phlyctochytrium;Phlyctochytrium bullatum,TRUE,2
GCF_022376445.1,Fungi;Basidiomycota;Agaricomycetes;Polyporales;Fomitopsidaceae;Fomitopsis;Fomitopsis serialis,TRUE,1
GCA_027596035.1,Fungi;Chytridiomycota;Chytridiomycetes;Spizellomycetales;Powellomycetaceae;Thoreauomyces;Thoreauomyces humboldtii,TRUE,1
GCA_020884735.1,Fungi;Basidiomycota;Agaricomycetes;Phallales;Clathraceae;Clathrus;Clathrus columnatus,FALSE,0
GCA_000750795.1,Fungi;Ascomycota;Leotiomycetes;Thelebolales;Thelebolaceae;Pseudogymnoascus;Pseudogymnoascus sp. VKM F-4514 (FW-929),TRUE,1
GCA_910591915.1,Fungi;Mucoromycota;Glomeromycetes;Diversisporales;Gigasporaceae;Cetraspora;Cetraspora pellucida,TRUE,1
GCA_015849295.1,Fungi;Mucoromycota;Mortierellomycetes;Mortierellales;Mortierellaceae;Modicella;Modicella reniformis,TRUE,1
GCF_000835455.1,Fungi;Ascomycota;Eurotiomycetes;Chaetothyriales;Herpotrichiellaceae;Fonsecaea;Fonsecaea pedrosoi,TRUE,1
GCF_000835555.1,Fungi;Ascomycota;Eurotiomycetes;Chaetothyriales;Herpotrichiellaceae;Rhinocladiella;Rhinocladiella mackenziei,TRUE,1
GCF_000836435.1,Fungi;Ascomycota;Eurotiomycetes;Chaetothyriales;Herpotrichiellaceae;Fonsecaea;Fonsecaea multimorphosa,TRUE,1
GCA_001691775.3,Fungi;Basidiomycota;Agaricomycetes;Agaricales;Amanitaceae;Amanita;Amanita inopinata,TRUE,1
GCA_009982845.1,Fungi;Ascomycota;Dothideomycetes;Dothideales;Dothioraceae;Delphinella;Delphinella strobiligena,TRUE,1
GCF_009193645.1,Fungi;Ascomycota;Eurotiomycetes;Eurotiales;Aspergillaceae;Aspergillus;Aspergillus pseudonomiae,TRUE,2
GCF_028826965.1,Fungi;Ascomycota;Eurotiomycetes;Eurotiales;Aspergillaceae;Penicillium;Penicillium alfredii,TRUE,1
GCF_018340605.1,Fungi;Ascomycota;Eurotiomycetes;Eurotiales;Aspergillaceae;Aspergillus;Aspergillus pseudoviridinutans,TRUE,1
GCA_030407015.1,Fungi;Basidiomycota;Agaricomycetes;Agaricales;Physalacriaceae;Armillaria;Armillaria fumosa,TRUE,1
GCA_004154915.1,Fungi;Ascomycota;Sordariomycetes;Xylariales;NA;Monosporascus;Monosporascus ibericus,TRUE,1
GCA_003615045.1,Fungi;Chytridiomycota;Chytridiomycetes;Caulochytriales;Caulochytriaceae;Caulochytrium;Caulochytrium protostelioides,TRUE,1
GCF_028827895.1,Fungi;Ascomycota;Eurotiomycetes;Eurotiales;Aspergillaceae;Penicillium;Penicillium longicatenatum,TRUE,1
GCA_013396205.1,Fungi;Ascomycota;Sordariomycetes;Hypocreales;Nectriaceae;Fusarium;Fusarium mundagurra,TRUE,1
GCA_011066345.1,Fungi;Ascomycota;Sordariomycetes;Hypocreales;Hypocreaceae;Trichoderma;Trichoderma lentiforme,TRUE,1
GCA_009428275.1,Fungi;Basidiomycota;Exobasidiomycetes;Tilletiales;Tilletiaceae;Tilletia;Tilletia laevis,TRUE,1
GCA_020310465.1,Fungi;Basidiomycota;Agaricomycetes;Boletales;Boletaceae;Lanmaoa;Lanmaoa asiatica,TRUE,1
GCA_910592285.1,Fungi;Mucoromycota;Glomeromycetes;Diversisporales;Gigasporaceae;Racocetra;Racocetra persica,TRUE,1
GCA_022606055.1,Fungi;Basidiomycota;Agaricomycetes;Polyporales;Polyporaceae;Trametes;Trametes gibbosa,TRUE,1
GCA_010093825.1,Fungi;Ascomycota;Dothideomycetes;Mycosphaerellales;Teratosphaeriaceae;Teratosphaeria;Teratosphaeria nubilosa,TRUE,1
GCF_036327395.1,Fungi;Ascomycota;Eurotiomycetes;Chaetothyriales;Trichomeriaceae;Knufia;Knufia obscura,TRUE,3
GCA_020080175.1,Fungi;Ascomycota;Geoglossomycetes;Geoglossales;Geoglossaceae;Glutinoglossum;Glutinoglossum americanum,TRUE,1
GCF_020744255.1,Fungi;Ascomycota;Sordariomycetes;Xylariales;Microdochiaceae;Microdochium;Microdochium trichocladiopsis,TRUE,1
GCF_003144135.1,Fungi;Basidiomycota;Exobasidiomycetes;Microstromatales;NA;Pseudomicrostroma;Pseudomicrostroma glucosiphilum,TRUE,1
GCF_036872675.1,Fungi;Ascomycota;Eurotiomycetes;Chaetothyriales;Trichomeriaceae;Lithohypha;Lithohypha guttulata,TRUE,1
GCA_001563735.1,Fungi;Basidiomycota;Agaricomycetes;Agaricales;Agaricaceae;Leucoagaricus;Leucoagaricus sp. SymC.cos,TRUE,1
GCA_905337355.1,Fungi;Ascomycota;Lecanoromycetes;Lecanorales;Parmeliaceae;Imshaugia;Imshaugia aleurites,TRUE,1
GCA_002104945.1,Fungi;Chytridiomycota;Neocallimastigomycetes;Neocallimastigales;Neocallimastigaceae;Piromyces;Piromyces finnis,FALSE,0
GCF_001642395.1,Fungi;Microsporidia;NA;NA;NA;Nematocida;Nematocida displodere,FALSE,0
GCF_016861735.1,Fungi;Ascomycota;Eurotiomycetes;Eurotiales;Aspergillaceae;Aspergillus;Aspergillus chevalieri,TRUE,1
GCA_029339225.1,Fungi;Ascomycota;Sordariomycetes;Phyllachorales;Phyllachoraceae;Phyllachora;Phyllachora maydis,FALSE,0
GCA_003369665.1,Fungi;Ascomycota;Leotiomycetes;Helotiales;Dermateaceae;Coleophoma;Coleophoma cylindrospora,TRUE,1
GCF_020726465.1,Fungi;Ascomycota;Sordariomycetes;Sordariales;Chaetomiaceae;Chaetomium;Chaetomium tenue,TRUE,1
GCA_001696595.2,Fungi;Ascomycota;Eurotiomycetes;Eurotiales;Aspergillaceae;Aspergillus;Aspergillus hancockii,TRUE,1
GCF_028829775.1,Fungi;Ascomycota;Eurotiomycetes;Eurotiales;Aspergillaceae;Penicillium;Penicillium samsonianum,TRUE,1
GCA_003144125.1,Fungi;Basidiomycota;Ustilaginomycetes;Ustilaginales;Anthracoideaceae;Testicularia;Testicularia cyperi,TRUE,1
GCA_004369125.1,Fungi;Basidiomycota;Agaricomycetes;Agaricales;Pterulaceae;Pterula;Pterula gracilis,TRUE,1
GCA_021235465.1,Fungi;Mucoromycota;Umbelopsidomycetes;Umbelopsidales;Umbelopsidaceae;Umbelopsis;Umbelopsis sp. PMI_123,TRUE,1
GCA_019787685.1,Fungi;Basidiomycota;Agaricomycetes;Boletales;Boletaceae;Chiua;Chiua virens,TRUE,1
GCA_025330735.1,Fungi;Mucoromycota;Mortierellomycetes;Mortierellales;Mortierellaceae;Mortierella;Mortierella sp. GBAus27b,TRUE,1
GCA_001660665.1,Fungi;Ascomycota;Eurotiomycetes;Onygenales;Ajellomycetaceae;Emergomyces;Emergomyces africanus,FALSE,0
GCA_020746875.1,Fungi;Ascomycota;Leotiomycetes;Helotiales;NA;Rhexocercosporidium;Rhexocercosporidium sp. MPI-PUGE-AT-0058,TRUE,1
GCA_032988195.1,Fungi;Ascomycota;Eurotiomycetes;Onygenales;Arachnomycetaceae;Arachnomyces;Arachnomyces sp. PD_36,TRUE,1
GCA_001466705.2,Fungi;Basidiomycota;Agaricomycetes;Agaricales;Marasmiaceae;Moniliophthora;Moniliophthora roreri,TRUE,1
GCA_004155915.1,Fungi;Ascomycota;Sordariomycetes;Xylariales;NA;Monosporascus;Monosporascus sp. CRB-9-2,TRUE,1
GCA_004155055.1,Fungi;Ascomycota;Sordariomycetes;Xylariales;NA;Monosporascus;Monosporascus sp. CRB-8-3,TRUE,1
GCA_025765615.1,Fungi;Chytridiomycota;Chytridiomycetes;Chytridiales;Chytridiaceae;Zopfochytrium;Zopfochytrium polystomum,TRUE,1
GCF_000240135.3,Fungi;Ascomycota;Sordariomycetes;Hypocreales;Nectriaceae;Fusarium;Fusarium graminearum,TRUE,1
GCA_029281435.1,Fungi;Basidiomycota;Agaricomycetes;Agaricales;Mycenaceae;Mycena;Mycena haematopus,TRUE,2
GCA_029378395.1,Fungi;Basidiomycota;Agaricomycetes;Agaricales;Mycenaceae;Mycena;Mycena leptocephala,TRUE,1
GCF_029203305.1,Fungi;Ascomycota;Pichiomycetes;Serinales;Debaryomycetaceae;Yamadazyma;Yamadazyma tenuis,TRUE,1
GCA_033297205.1,Fungi;Ascomycota;Sordariomycetes;Sordariales;Sordariaceae;Pseudoneurospora;Pseudoneurospora amorphoporcata,TRUE,1
GCA_023242295.1,Fungi;Ascomycota;Sordariomycetes;Diaporthales;Diaporthaceae;Diaporthe;Diaporthe ilicicola,TRUE,1
GCA_006535975.1,Fungi;Chytridiomycota;Chytridiomycetes;Chytridiales;Chytriomycetaceae;Chytriomyces;Chytriomyces confervae,FALSE,0
GCA_036971675.1,Fungi;Ascomycota;Orbiliomycetes;Orbiliales;Orbiliaceae;Orbilia;Orbilia ellipsospora,TRUE,1
GCA_018360575.1,Fungi;Ascomycota;Sordariomycetes;Hypocreales;Clavicipitaceae;Claviceps;Claviceps sp. LM454 group G7,TRUE,1
GCA_018360275.1,Fungi;Ascomycota;Sordariomycetes;Hypocreales;Clavicipitaceae;Claviceps;Claviceps sp. LM458 group G5,TRUE,1
GCA_019623665.1,Fungi;Basidiomycota;Agaricomycetes;Sebacinales;Serendipitaceae;Serendipita;Serendipita sp. 397,FALSE,0
GCA_019677335.1,Fungi;Basidiomycota;Agaricomycetes;Cantharellales;Ceratobasidiaceae;Ceratobasidium;Ceratobasidium sp. UAMH 11750,TRUE,1
GCA_003946995.1,Fungi;Ascomycota;Sordariomycetes;Hypocreales;Nectriaceae;Fusarium;Fusarium oligoseptatum,TRUE,1
GCA_022578965.1,Fungi;Ascomycota;Sordariomycetes;Xylariales;Xylariaceae;Xylaria;Xylaria sp. FL1777,TRUE,1
GCA_022984935.1,Fungi;Ascomycota;Sordariomycetes;Xylariales;Hypoxylaceae;Hypoxylon;Hypoxylon sp. NC1633,TRUE,1
GCA_022539325.1,Fungi;Ascomycota;Sordariomycetes;Xylariales;Xylariaceae;NA;Xylariaceae sp. FL0804,TRUE,1
GCA_027578855.1,Fungi;Zoopagomycota;Kickxellomycetes;Kickxellales;Kickxellaceae;Coemansia;Coemansia sp. RSA 1721,TRUE,1
GCA_027578175.1,Fungi;Zoopagomycota;Kickxellomycetes;Kickxellales;Kickxellaceae;Coemansia;Coemansia sp. RSA 2531,FALSE,0
GCA_027578615.1,Fungi;Zoopagomycota;Kickxellomycetes;Kickxellales;Kickxellaceae;Coemansia;Coemansia sp. RSA 1822,TRUE,1
GCA_027579155.1,Fungi;Zoopagomycota;Kickxellomycetes;Kickxellales;Kickxellaceae;Coemansia;Coemansia sp. Benny D115,FALSE,0
GCA_026319125.1,Fungi;Ascomycota;Sordariomycetes;Glomerellales;Glomerellaceae;Colletotrichum;Colletotrichum noveboracense,TRUE,1
GCF_028829835.1,Fungi;Ascomycota;Eurotiomycetes;Eurotiales;Aspergillaceae;Penicillium;Penicillium mononematosum,TRUE,1
GCF_000237345.1,Fungi;Ascomycota;Saccharomycetes;Saccharomycetales;Saccharomycetaceae;Naumovozyma;Naumovozyma castellii,TRUE,1
GCF_017655625.1,Fungi;Ascomycota;Pichiomycetes;Serinales;Debaryomycetaceae;Candida;Candida metapsilosis,TRUE,1
GCA_001263375.1,Fungi;Basidiomycota;Pucciniomycetes;Pucciniales;Pucciniaceae;Puccinia;Puccinia sorghi,TRUE,1
GCA_027577275.1,Fungi;Zoopagomycota;Kickxellomycetes;Kickxellales;Kickxellaceae;Coemansia;Coemansia sp. RSA 988,TRUE,1
GCA_014764975.2,Fungi;Ascomycota;Sordariomycetes;Hypocreales;Nectriaceae;Fusarium;Fusarium sp. DS 682,TRUE,1
GCA_027604365.1,Fungi;Chytridiomycota;Chytridiomycetes;Chytridiales;Chytriomycetaceae;Rhizoclosmatium;Rhizoclosmatium sp. JEL0117,FALSE,0
GCA_020091625.1,Fungi;Basidiomycota;Agaricomycetes;Agaricales;Lyophyllaceae;Termitomyces;Termitomyces sp. 'cryptogamus',TRUE,1
GCA_027577415.1,Fungi;Zoopagomycota;Kickxellomycetes;Kickxellales;Kickxellaceae;Coemansia;Coemansia sp. RSA 922,TRUE,2
GCA_027577095.1,Fungi;Zoopagomycota;Kickxellomycetes;Kickxellales;Kickxellaceae;Coemansia;Coemansia sp. S610,TRUE,1
GCA_964058965.1,Fungi;Ascomycota;Leotiomycetes;Helotiales;Drepanopezizaceae;Diplocarpon;Diplocarpon coronariae,TRUE,1
GCA_026025055.1,Fungi;Ascomycota;Lichinomycetes;Lichinales;Porocyphaceae;Watsoniomyces;Watsoniomyces obsoletus,TRUE,2
GCA_027578095.1,Fungi;Zoopagomycota;Kickxellomycetes;Kickxellales;Kickxellaceae;Coemansia;Coemansia sp. RSA 2526,TRUE,1
GCA_020744175.1,Fungi;Basidiomycota;Agaricomycetes;Auriculariales;NA;NA;Auriculariales sp. MPI-PUGE-AT-0066,TRUE,1
GCA_014839625.1,Fungi;Ascomycota;Eurotiomycetes;Eurotiales;Aspergillaceae;Penicillium;Penicillium ucsense,TRUE,1
GCA_014621435.1,Fungi;Ascomycota;Sordariomycetes;Xylariales;Sporocadaceae;Neopestalotiopsis;Neopestalotiopsis clavispora,TRUE,1
GCA_024195485.1,Fungi;Ascomycota;Dothideomycetes;Dothideales;Saccotheciaceae;Aureobasidium;Aureobasidium sp. EXF-8846,TRUE,2
GCF_000002515.2,Fungi;Ascomycota;Saccharomycetes;Saccharomycetales;Saccharomycetaceae;Kluyveromyces;Kluyveromyces lactis,TRUE,1
GCA_025433565.1,Fungi;Ascomycota;Sordariomycetes;Hypocreales;Nectriaceae;Fusarium;Fusarium sp. Ph1,TRUE,1
GCA_035928005.1,Fungi;Ascomycota;Eurotiomycetes;Chaetothyriales;Herpotrichiellaceae;Exophiala;Exophiala sp. CCFEE 6388,TRUE,1
GCA_002382855.1,Fungi;Ascomycota;Eurotiomycetes;Eurotiales;Aspergillaceae;Penicillium;Penicillium occitanis (nom. inval.),TRUE,1
GCA_023645885.1,Fungi;Ascomycota;Lecanoromycetes;Teloschistales;Teloschistaceae;Caloplaca;Caloplaca ligustica,TRUE,1
GCF_028827145.1,Fungi;Ascomycota;Eurotiomycetes;Eurotiales;Aspergillaceae;Penicillium;Penicillium concentricum,TRUE,2
GCF_000006335.3,Fungi;Ascomycota;Pichiomycetes;Serinales;Debaryomycetaceae;Candida;Candida tropicalis,TRUE,1
GCA_028974045.1,Fungi;Ascomycota;Eurotiomycetes;Eurotiales;Aspergillaceae;Penicillium;Penicillium cf. viridicatum,TRUE,1
GCA_028974015.1,Fungi;Ascomycota;Eurotiomycetes;Eurotiales;Aspergillaceae;Penicillium;Penicillium cf. griseofulvum,TRUE,1
GCA_028829675.1,Fungi;Ascomycota;Eurotiomycetes;Eurotiales;Aspergillaceae;Penicillium;Penicillium tannophilum,TRUE,1
GCF_023758025.1,Fungi;Ascomycota;Dothideomycetes;Pleosporales;Pleosporaceae;Alternaria;Alternaria triticimaculans,TRUE,1
GCA_027946495.1,Fungi;Ascomycota;Dothideomycetes;Pleosporales;Didymellaceae;Didymella;Didymella sp. IMI 355093,TRUE,1
GCA_033819875.1,Fungi;Basidiomycota;Microbotryomycetes;NA;NA;NA;Microbotryomycetes sp. JL221,TRUE,1
GCA_036250225.1,Fungi;Ascomycota;Sordariomycetes;Sordariales;Lasiosphaeriaceae;Cercophora;Cercophora sp. LCS_1,TRUE,1
GCF_010093625.1,Fungi;Ascomycota;Dothideomycetes;Pleosporales;Didymellaceae;Macroventuria;Macroventuria anomochaeta,TRUE,1
GCF_028827735.1,Fungi;Ascomycota;Eurotiomycetes;Eurotiales;Aspergillaceae;Penicillium;Penicillium macrosclerotiorum,TRUE,1
GCA_022814195.1,Fungi;Ascomycota;Lecanoromycetes;Lecanorales;Mycoblastaceae;Mycoblastus;Mycoblastus sanguinarius,FALSE,0
GCA_036872635.1,Fungi;Ascomycota;Orbiliomycetes;Orbiliales;Orbiliaceae;Orbilia;Orbilia brochopaga,TRUE,1
GCA_030549215.1,Fungi;Ascomycota;Sordariomycetes;Sordariales;Schizotheciaceae;Schizothecium;Schizothecium vesticola,TRUE,1
GCA_030512335.1,Fungi;Ascomycota;Sordariomycetes;Sordariales;Lasiosphaeriaceae;Immersiella;Immersiella caudata,TRUE,1
GCA_001578235.1,Fungi;Ascomycota;Dothideomycetes;Mycosphaerellales;Mycosphaerellaceae;Pseudocercospora;Pseudocercospora eumusae,TRUE,1
GCA_022836615.1,Fungi;Ascomycota;Sordariomycetes;Xylariales;Hypoxylaceae;Annulohypoxylon;Annulohypoxylon bovei,TRUE,1
GCA_022695765.1,Fungi;Ascomycota;Sordariomycetes;Xylariales;Hypoxylaceae;Annulohypoxylon;Annulohypoxylon moriforme,TRUE,1
GCF_022478825.1,Fungi;Ascomycota;Sordariomycetes;Xylariales;Hypoxylaceae;Daldinia;Daldinia caldariorum,TRUE,1
GCF_022578515.1,Fungi;Ascomycota;Sordariomycetes;Xylariales;Hypoxylaceae;Annulohypoxylon;Annulohypoxylon truncatum,TRUE,1
GCA_033439775.1,Fungi;Ascomycota;Sordariomycetes;Sordariales;Podosporaceae;Podospora;Podospora didyma,TRUE,1
GCA_022664585.2,Fungi;Ascomycota;Sordariomycetes;Lulworthiales;Lulworthiaceae;Zalerion;Zalerion maritima,TRUE,1
GCA_004786065.1,Fungi;Ascomycota;Pezizomycetes;Pezizales;Ascodesmidaceae;Ascodesmis;Ascodesmis nigricans,TRUE,1
GCF_034447905.1,Fungi;Ascomycota;Sordariomycetes;Glomerellales;Glomerellaceae;Colletotrichum;Colletotrichum destructivum,TRUE,1
GCA_040143965.1,Fungi;Zoopagomycota;Basidiobolomycetes;Basidiobolales;Basidiobolaceae;Basidiobolus;Basidiobolus ranarum,TRUE,4
GCA_025201805.1,Fungi;Mucoromycota;Mucoromycetes;Mucorales;Mucoraceae;Parasitella;Parasitella parasitica,TRUE,1
GCA_002933655.1,Fungi;Ascomycota;Dothideomycetes;Mycosphaerellales;Mycosphaerellaceae;Cercospora;Cercospora berteroae,TRUE,1
GCF_020623625.1,Fungi;Ascomycota;Saccharomycetes;Saccharomycodales;Saccharomycodaceae;Saccharomycodes;Saccharomycodes ludwigii,TRUE,1
GCF_000185945.1,Fungi;Basidiomycota;Tremellomycetes;Tremellales;Cryptococcaceae;Cryptococcus;Cryptococcus gattii,TRUE,1
GCF_030384665.1,Fungi;Ascomycota;Pichiomycetes;Serinales;Debaryomycetaceae;Lodderomyces;Lodderomyces elongisporus,TRUE,1
GCF_022376455.1,Fungi;Basidiomycota;Agaricomycetes;Polyporales;Epitheliaceae;Epithele;Epithele typhae,TRUE,1
GCA_029282125.1,Fungi;Basidiomycota;Agaricomycetes;Agaricales;Mycenaceae;Mycena;Mycena amicta,TRUE,1
GCA_900074895.1,Fungi;Ascomycota;Leotiomycetes;Helotiales;Ploettnerulaceae;Rhynchosporium;Rhynchosporium secalis,TRUE,1
GCA_008692225.1,Fungi;Ascomycota;Leotiomycetes;Helotiales;Sclerotiniaceae;Monilinia;Monilinia fructicola,TRUE,1
GCA_004379285.1,Fungi;Ascomycota;Leotiomycetes;Helotiales;Sclerotiniaceae;Botryotinia;Botryotinia calthae,TRUE,1
GCA_014898415.1,Fungi;Ascomycota;Leotiomycetes;Helotiales;Sclerotiniaceae;Stromatinia;Stromatinia cepivora,TRUE,1
GCA_030247875.1,Fungi;Ascomycota;Eurotiomycetes;Chaetothyriales;Herpotrichiellaceae;Cladophialophora;Cladophialophora chaetospira,TRUE,1
GCF_000151645.1,Fungi;Ascomycota;Pezizomycetes;Pezizales;Tuberaceae;Tuber;Tuber melanosporum,TRUE,1
GCA_022606075.1,Fungi;Basidiomycota;Agaricomycetes;Polyporales;Fomitopsidaceae;Fomitopsis;Fomitopsis betulina,TRUE,1
GCA_023645845.1,Fungi;Ascomycota;Lecanoromycetes;Teloschistales;Teloschistaceae;Xanthoria;Xanthoria mediterranea,TRUE,1
GCA_021524915.1,Fungi;Basidiomycota;Agaricomycetes;Russulales;Russulaceae;Lactarius;Lactarius akahatsu,TRUE,1
GCF_003013735.1,Fungi;Ascomycota;Pichiomycetes;Serinales;Metschnikowiaceae;Candidozyma;Candidozyma pseudohaemuli,TRUE,1
GCF_021436955.1,Fungi;Ascomycota;Dothideomycetes;Botryosphaeriales;Botryosphaeriaceae;Diplodia;Diplodia seriata,TRUE,1
GCA_013396005.1,Fungi;Ascomycota;Sordariomycetes;Hypocreales;Nectriaceae;Fusarium;Fusarium napiforme,TRUE,1
GCF_013396075.1,Fungi;Ascomycota;Sordariomycetes;Hypocreales;Nectriaceae;Fusarium;Fusarium subglutinans,TRUE,1
GCF_000150035.1,Fungi;Ascomycota;Saccharomycetes;Saccharomycetales;Saccharomycetaceae;Vanderwaltozyma;Vanderwaltozyma polyspora,TRUE,1
GCA_001511075.1,Fungi;Ascomycota;Eurotiomycetes;Eurotiales;Aspergillaceae;Aspergillus;Aspergillus calidoustus,TRUE,1
GCF_001664045.1,Fungi;Ascomycota;Pichiomycetes;Pichiales;Pichiaceae;Ogataea;Ogataea polymorpha,TRUE,1
GCA_026023805.1,Fungi;Ascomycota;Candelariomycetes;Candelariales;Candelariaceae;Candelina;Candelina mexicana,TRUE,1
GCA_943733655.1,Fungi;Ascomycota;Pichiomycetes;Serinales;Debaryomycetaceae;Yamadazyma;[Candida] jaroonii,TRUE,1
GCA_024516145.1,Fungi;Ascomycota;Pezizomycetes;Pezizales;Pyronemataceae;Pyronema;Pyronema domesticum,TRUE,1
GCA_019973155.2,Fungi;Basidiomycota;Agaricomycetes;Polyporales;Phanerochaetaceae;Phanerochaete;Phanerochaete sordida,TRUE,1
GCA_016647755.1,Fungi;Basidiomycota;Agaricomycetes;Boletales;Suillaceae;Suillus;Suillus subluteus,TRUE,1
GCF_000143565.1,Fungi;Basidiomycota;Agaricomycetes;Agaricales;Hydnangiaceae;Laccaria;Laccaria bicolor,TRUE,1
GCF_020744475.1,Fungi;Ascomycota;Sordariomycetes;Hypocreales;Nectriaceae;Fusarium;Fusarium redolens,TRUE,1
GCF_000243375.1,Fungi;Ascomycota;Saccharomycetes;Saccharomycetales;Saccharomycetaceae;Torulaspora;Torulaspora delbrueckii,TRUE,1
GCA_900074765.1,Fungi;Ascomycota;Saccharomycetes;Saccharomycetales;Saccharomycetaceae;Lachancea;Lachancea fermentati,TRUE,1
GCF_024610255.1,Fungi;Ascomycota;Pichiomycetes;Serinales;Debaryomycetaceae;Candida;Candida jiufengensis,TRUE,1
GCF_002102565.1,Fungi;Basidiomycota;Tremellomycetes;Tremellales;Cuniculitremaceae;Kockovaella;Kockovaella imperatae,FALSE,0
GCF_028858645.1,Fungi;Ascomycota;Dothideomycetes;Pleosporales;Pleosporaceae;Bipolaris;Bipolaris maydis,TRUE,1
GCF_028827035.1,Fungi;Ascomycota;Eurotiomycetes;Eurotiales;Aspergillaceae;Penicillium;Penicillium chrysogenum,TRUE,1
GCA_025999795.1,Fungi;Ascomycota;Eurotiomycetes;Eurotiales;Aspergillaceae;Monascus;Monascus purpureus,TRUE,1
GCA_019677325.2,Fungi;Basidiomycota;Agaricomycetes;Agaricales;Pleurotaceae;Pleurotus;Pleurotus cornucopiae,FALSE,0
GCA_016800925.1,Fungi;Basidiomycota;Agaricomycetes;Boletales;Suillaceae;Suillus;Suillus spraguei,TRUE,2
GCA_008065275.1,Fungi;Basidiomycota;Tremellomycetes;Trichosporonales;Trichosporonaceae;Vanrija;Vanrija humicola,TRUE,1
GCA_031326905.1,Fungi;Basidiomycota;Tremellomycetes;Tremellales;Rhynchogastremaceae;Papiliotrema;Papiliotrema laurentii,TRUE,1
GCF_020509005.1,Fungi;Ascomycota;Dothideomycetes;Mycosphaerellales;Mycosphaerellaceae;Fulvia;Fulvia fulva,TRUE,1
GCA_038181435.1,Fungi;Ascomycota;Sordariomycetes;Hypocreales;Nectriaceae;Fusarium;Fusarium acuminatum,TRUE,1
GCF_000146045.2,Fungi;Ascomycota;Saccharomycetes;Saccharomycetales;Saccharomycetaceae;Saccharomyces;Saccharomyces cerevisiae,TRUE,1
GCF_000003855.2,Fungi;Ascomycota;Eurotiomycetes;Onygenales;Ajellomycetaceae;Blastomyces;Blastomyces gilchristii,TRUE,1
GCA_022578505.1,Fungi;Ascomycota;Sordariomycetes;Xylariales;Xylariaceae;Nemania;Nemania abortiva,TRUE,1
GCA_003369635.1,Fungi;Ascomycota;Leotiomycetes;Helotiales;Dermateaceae;Coleophoma;Coleophoma crateriformis,TRUE,1
GCA_001692915.1,Fungi;Ascomycota;Dothideomycetes;NA;Gloniaceae;Glonium;Glonium stellatum,TRUE,1
GCA_014621425.1,Fungi;Ascomycota;Sordariomycetes;Hypocreales;Nectriaceae;Cylindrodendrum;Cylindrodendrum hubeiense,TRUE,1
GCA_007825345.1,Fungi;Ascomycota;Leotiomycetes;Helotiales;Lachnaceae;Lachnellula;Lachnellula suecica,TRUE,1
GCA_016097895.1,Fungi;Mucoromycota;Mortierellomycetes;Mortierellales;Mortierellaceae;Linnemannia;Linnemannia exigua,TRUE,1
GCA_910592135.1,Fungi;Mucoromycota;Glomeromycetes;Diversisporales;Gigasporaceae;Racocetra;Racocetra fulgida,FALSE,0
GCA_017357885.1,Fungi;Ascomycota;Leotiomycetes;Helotiales;Sclerotiniaceae;Monilinia;Monilinia vaccinii-corymbosi,TRUE,1
GCF_002104995.1,Fungi;Zoopagomycota;Kickxellomycetes;Kickxellales;Kickxellaceae;Linderina;Linderina pennispora,TRUE,1
GCF_025024165.1,Fungi;Zoopagomycota;Kickxellomycetes;Kickxellales;Kickxellaceae;Kickxella;Kickxella alabastrina,FALSE,0
GCF_030913465.1,Fungi;Ascomycota;Sordariomycetes;Glomerellales;Glomerellaceae;Colletotrichum;Colletotrichum navitas,TRUE,1
GCF_000271605.1,Fungi;Basidiomycota;Agaricomycetes;Hymenochaetales;Hymenochaetaceae;Fomitiporia;Fomitiporia mediterranea,TRUE,1
GCF_001723175.1,Fungi;Ascomycota;Eurotiomycetes;Eurotiales;Aspergillaceae;Penicillium;Penicillium oxalicum,TRUE,1
GCF_028829465.1,Fungi;Ascomycota;Eurotiomycetes;Eurotiales;Aspergillaceae;Penicillium;Penicillium soppii,TRUE,1
GCF_028829765.1,Fungi;Ascomycota;Eurotiomycetes;Eurotiales;Aspergillaceae;Penicillium;Penicillium waksmanii,TRUE,1
GCF_028974065.1,Fungi;Ascomycota;Eurotiomycetes;Eurotiales;Aspergillaceae;Penicillium;Penicillium cinerascens,TRUE,1
GCA_001563135.1,Fungi;Ascomycota;Sordariomycetes;Glomerellales;Glomerellaceae;Colletotrichum;Colletotrichum simmondsii,TRUE,1
GCF_000338955.1,Fungi;Ascomycota;Dothideomycetes;Mycosphaerellales;Teratosphaeriaceae;Baudoinia;Baudoinia panamericana,TRUE,1
GCF_000271585.1,Fungi;Basidiomycota;Agaricomycetes;Polyporales;Polyporaceae;Trametes;Trametes versicolor,TRUE,1
GCA_015039365.1,Fungi;Basidiomycota;Agaricomycetes;Agaricales;Amanitaceae;Amanita;Amanita rubescens,TRUE,1
GCF_011692745.1,Fungi;Ascomycota;Eurotiomycetes;Onygenales;Arthrodermataceae;Arthroderma;Arthroderma uncinatum,TRUE,1
GCF_020726555.1,Fungi;Ascomycota;Dothideomycetes;Pleosporales;Didymellaceae;Boeremia;Boeremia exigua,TRUE,1
GCA_003614735.1,Fungi;Zoopagomycota;Zoopagomycetes;Zoopagales;Sigmoideomycetaceae;Thamnocephalis;Thamnocephalis sphaerospora,TRUE,1
GCA_033439795.1,Fungi;Ascomycota;Sordariomycetes;Sordariales;Sordariaceae;Sordaria;Sordaria brevicollis,TRUE,1
GCA_004522665.1,Fungi;Ascomycota;Dothideomycetes;Venturiales;Venturiaceae;Venturia;Venturia nashicola,TRUE,1
GCF_000187245.1,Fungi;Ascomycota;Pichiomycetes;Pichiales;Pichiaceae;Ogataea;Ogataea parapolymorpha,TRUE,1
GCA_000827325.1,Fungi;Ascomycota;Leotiomycetes;NA;Myxotrichaceae;Oidiodendron;Oidiodendron maius,TRUE,1
GCA_900074905.1,Fungi;Ascomycota;Leotiomycetes;Helotiales;Ploettnerulaceae;Rhynchosporium;Rhynchosporium agropyri,TRUE,1
GCF_001078395.1,Fungi;Ascomycota;Eurotiomycetes;Eurotiales;Aspergillaceae;Aspergillus;Aspergillus udagawae,TRUE,1
GCA_030052785.1,Fungi;Ascomycota;Sordariomycetes;Coniochaetales;Coniochaetaceae;Coniochaeta;Coniochaeta hoffmannii,TRUE,3
GCA_004332605.1,Fungi;Basidiomycota;Agaricomycetes;Polyporales;Steccherinaceae;Steccherinum;Steccherinum ochraceum,TRUE,1
GCA_000827395.1,Fungi;Basidiomycota;Agaricomycetes;Boletales;Paxillaceae;Paxillus;Paxillus rubicundulus,TRUE,1
GCA_023920165.1,Fungi;Ascomycota;Dothideomycetes;Pleosporales;Pleosporaceae;Curvularia;Curvularia clavata,TRUE,1
GCF_004000055.1,Fungi;Ascomycota;Orbiliomycetes;Orbiliales;Orbiliaceae;Arthrobotrys;Arthrobotrys flagrans,TRUE,1
GCA_015680635.1,Fungi;Mucoromycota;Mortierellomycetes;Mortierellales;Mortierellaceae;Lunasporangiospora;Lunasporangiospora selenospora,FALSE,0
GCF_001625195.1,Fungi;Ascomycota;Sordariomycetes;Hypocreales;Ophiocordycipitaceae;Drechmeria;Drechmeria coniospora,TRUE,1
GCA_022496215.1,Fungi;Basidiomycota;Agaricomycetes;Russulales;Russulaceae;Russula;Russula brevipes,TRUE,1
GCA_000827185.1,Fungi;Basidiomycota;Agaricomycetes;Boletales;NA;Leucogyrophana;Leucogyrophana pinastri,TRUE,1
